Frame Count,r,x,y,z,can_see_geometric_center,can_see_center_of_mass,theta,,r,x,y,z,can_see_geometric_center,can_see_center_of_mass,theta
112,3.158284015,-0.285502915,2.874175968,34.01805154,FALSE,FALSE,0.516239828,,2.867,0.265,2.458,36.691,TRUE,TRUE,0.765627146
112,3.156809942,-0.497989003,2.709808602,33.61427169,FALSE,FALSE,0.657054236,,,,,,,,
112,2.938963749,-0.326787308,2.200832598,32.11262018,TRUE,FALSE,0.369042368,,,,,,,,
112,2.86989872,0.242437909,2.672206662,36.78337256,FALSE,TRUE,0.259089816,,,,,,,,
112,2.867319543,0.265421915,2.45831736,36.69052777,TRUE,TRUE,0.765627146,,,,,,,,
112,2.854751624,0.254673824,2.015043027,36.32580596,TRUE,TRUE,0.553911693,,,,,,,,
112,2.689943214,-1.132537952,0.717561331,33.34959068,TRUE,FALSE,1.539785139,,,,,,,,
112,2.583969838,-0.922351548,0.51798243,32.4822081,TRUE,TRUE,0.288048801,,,,,,,,
,,,,,,,,,,,,,,,
113,2.548178455,-0.252429292,0.577525132,35.95990851,TRUE,TRUE,0.673620223,,2.486,-0.18,0.777,35.103,FALSE,TRUE,0.166633403
113,2.485625524,-0.180250713,0.777340409,35.10315008,FALSE,TRUE,0.196782569,,,,,,,,
113,2.47806306,-0.510595123,0.571860822,36.97818739,TRUE,TRUE,0.166633403,,,,,,,,
113,2.399175693,-0.489336554,1.480605347,37.06524692,TRUE,TRUE,0.403316918,,,,,,,,
113,2.240019854,-0.569165611,2.44160213,35.52702211,FALSE,FALSE,0.500306288,,,,,,,,
113,2.228290296,-0.515047707,2.298966378,35.20460461,FALSE,FALSE,0.702370767,,,,,,,,
113,2.20607483,-0.473055222,2.691939149,34.90069331,TRUE,FALSE,0.66814412,,,,,,,,
,,,,,,,,,,,,,,,
114,4.010073133,-0.306936129,0.889025536,31.0883558,TRUE,TRUE,0.062219922,,2.819,-0.995,1.52,35.81,FALSE,TRUE,0.114635056
114,2.819206626,-0.995291862,1.519718378,35.8095424,FALSE,TRUE,0.114635056,,,,,,,,
114,2.314410022,0.245058039,-0.026827156,35.63563202,FALSE,TRUE,0.249656632,,,,,,,,
,,,,,,,,,,,,,,,
115,3.054506813,1.131735518,1.651649902,33.8833835,FALSE,FALSE,0.545056669,,2.895,-0.562,2.693,35.44,FALSE,FALSE,0.938610708
115,2.896222819,-0.325087606,2.623596841,35.29803677,FALSE,FALSE,1.19527443,,,,,,,,
115,2.894766848,-0.562261847,2.693057794,35.4404068,FALSE,FALSE,0.938610708,,,,,,,,
115,2.843861734,0.613092881,1.778468104,36.29494996,FALSE,TRUE,0.330515613,,,,,,,,
115,2.795937868,-0.594189159,2.381583674,36.33710198,FALSE,FALSE,0.391919908,,,,,,,,
,,,,,,,,,,,,,,,
116,3.117642483,-0.395269722,0.470845142,36.96697078,TRUE,TRUE,0.407744437,,3.051,0.07,0.424,34.077,TRUE,FALSE,0.484738883
116,3.051232965,0.070302558,0.424181478,34.0768357,TRUE,FALSE,0.484738883,,,,,,,,
116,2.768223292,1.896523002,1.376824657,34.82872324,FALSE,FALSE,1.256771145,,,,,,,,
,,,,,,,,,,,,,,,
117,3.701413677,-0.306249345,0.96523891,36.13657828,FALSE,TRUE,1.090750496,,3.289,-0.087,-0.122,34.189,TRUE,FALSE,0.532879468
117,3.69724387,-0.126371966,0.860533853,36.06526526,FALSE,TRUE,1.255068872,,,,,,,,
117,3.579744318,-0.15315283,-0.931298962,31.40172545,TRUE,TRUE,0.165899813,,,,,,,,
117,3.526331196,0.068505753,0.328442156,37.20185332,TRUE,TRUE,0.451045404,,,,,,,,
117,3.288874647,-0.087242407,-0.121913525,34.18935422,TRUE,FALSE,0.532879468,,,,,,,,
117,2.880573171,2.433503835,1.62121654,35.26616064,FALSE,FALSE,1.323923308,,,,,,,,
,,,,,,,,,,,,,,,
118,3.734984641,-0.240140297,-0.059883003,32.18846072,TRUE,TRUE,0.562234381,,3.548,-0.346,0.738,33.983,TRUE,FALSE,0.509885793
118,3.683227235,-0.500153299,0.185831524,32.9708498,TRUE,TRUE,0.390268906,,,,,,,,
118,3.547932416,-0.345631784,0.737899553,33.98293312,TRUE,FALSE,0.509885793,,,,,,,,
,,,,,,,,,,,,,,,
119,3.728336571,-0.720111344,1.458466789,36.15597722,FALSE,TRUE,0.440377576,,2.983,-0.504,0.742,32.907,TRUE,TRUE,0.373622092
119,3.679315642,-1.214744486,2.026943145,36.29185905,FALSE,TRUE,0.860495248,,,,,,,,
119,2.995887436,1.956420611,1.966760353,34.70433819,FALSE,FALSE,1.379989436,,,,,,,,
119,2.983436108,-0.504163048,0.742116449,32.9067222,TRUE,TRUE,0.373622092,,,,,,,,
119,2.712746536,2.015520791,1.422562581,32.97581965,FALSE,FALSE,0.382858624,,,,,,,,
119,2.711403984,1.997324209,1.365816354,32.84485724,FALSE,FALSE,0.452793869,,,,,,,,
,,,,,,,,,,,,,,,
120,3.256318056,-0.558400777,0.854661992,34.93413714,FALSE,TRUE,0.630347978,,3.069,-0.087,0.51,32.927,TRUE,TRUE,0.384210413
120,3.110496712,-1.860459338,1.608904951,36.26734173,FALSE,TRUE,1.250781855,,,,,,,,
120,3.104761497,-1.437781145,1.240412692,35.90277026,FALSE,TRUE,0.804908803,,,,,,,,
120,3.085787417,-1.736524948,1.324753037,36.71585411,FALSE,TRUE,0.139834768,,,,,,,,
120,3.078200888,-0.098681578,0.614502211,33.18894319,TRUE,TRUE,0.317624899,,,,,,,,
120,3.068840876,-0.086688646,0.509605914,32.92724541,TRUE,TRUE,0.384210413,,,,,,,,
120,3.004196782,-0.236707021,0.23434508,36.50658959,TRUE,TRUE,0.349526743,,,,,,,,
120,2.732231408,1.767059337,1.662984254,34.15035575,FALSE,FALSE,1.431652083,,,,,,,,
120,2.550422043,2.187361678,1.211035521,32.94323903,TRUE,FALSE,0.541094352,,,,,,,,
,,,,,,,,,,,,,,,
121,3.133692486,-0.389474559,0.640361999,33.65550134,TRUE,FALSE,0.692910669,,2.761,-1.457,1.732,34.929,FALSE,FALSE,1.005031208
121,2.760667094,-1.45748747,1.732100878,34.92851221,FALSE,FALSE,1.005031208,,,,,,,,
121,2.682959755,0.406589419,0.480174022,36.25020084,FALSE,TRUE,0.201984582,,,,,,,,
121,2.6666006,0.458490082,0.342869969,36.69836888,TRUE,TRUE,0.347726923,,,,,,,,
121,2.661604719,-2.392877421,1.378590771,34.10953121,FALSE,FALSE,0.709348456,,,,,,,,
,,,,,,,,,,,,,,,
122,3.020384881,0.022533507,0.617670959,36.16751912,FALSE,TRUE,0.078332637,,3.02,0.023,0.618,36.168,FALSE,TRUE,0.078332637
122,2.782566553,-1.828350254,1.860626709,35.1966374,FALSE,FALSE,1.147269466,,,,,,,,
,,,,,,,,,,,,,,,
123,3.410372637,-0.09731436,-0.108348276,32.49706452,TRUE,TRUE,0.743116842,,3.355,-0.479,0.597,36.476,TRUE,TRUE,0.038452186
123,3.359122505,-0.205456405,-0.732855555,32.13310967,TRUE,TRUE,1.066754351,,,,,,,,
123,3.357434624,-0.221109738,-0.849615509,31.86609475,TRUE,TRUE,0.07057243,,,,,,,,
123,3.355210477,-0.478751727,0.597201281,36.47608129,TRUE,TRUE,0.038452186,,,,,,,,
123,3.351950989,-0.155021197,-0.509805833,31.80866976,TRUE,TRUE,0.688041577,,,,,,,,
123,3.341946629,-0.061654935,-0.226989625,31.61139019,TRUE,TRUE,0.124937225,,,,,,,,
123,3.340480576,-0.239571918,-1.264674607,31.87194096,TRUE,TRUE,1.196675136,,,,,,,,
123,3.322276714,-0.415804126,0.218471221,33.47572821,TRUE,FALSE,0.40836562,,,,,,,,
123,3.233265428,-1.449744442,1.308982161,36.69595393,TRUE,TRUE,1.192106135,,,,,,,,
123,3.221154907,-1.717069397,1.42789378,37.06955675,TRUE,TRUE,0.248551346,,,,,,,,
,,,,,,,,,,,,,,,
124,3.887766059,-0.273168955,0.879602265,34.37868082,FALSE,FALSE,0.571084695,,3.442,0.344,0.557,36.783,TRUE,TRUE,0.442645698
124,3.442123677,0.34402131,0.556658742,36.78294373,TRUE,TRUE,0.442645698,,,,,,,,
,,,,,,,,,,,,,,,
125,2.577500051,1.188526609,0.982841758,35.40159873,FALSE,TRUE,0.22560397,,2.578,1.189,0.983,35.402,FALSE,TRUE,0.22560397
125,2.513472787,-0.45858473,0.381181699,35.57912924,FALSE,TRUE,0.481374474,,,,,,,,
,,,,,,,,,,,,,,,
126,2.89171619,-0.31941427,-0.013221882,36.6265518,TRUE,TRUE,0.354170361,,2.681,-0.658,0.173,35.106,FALSE,FALSE,0.377017114
126,2.887159287,-0.443865238,-0.139379101,37.33772755,TRUE,TRUE,0.443023001,,,,,,,,
126,2.680570283,-0.65771233,0.1728162,35.10627019,FALSE,FALSE,0.377017114,,,,,,,,
126,2.080178562,1.543243439,1.985863766,33.40456331,FALSE,FALSE,1.094006113,,,,,,,,
126,1.938655519,2.235484443,1.80096321,32.55508254,TRUE,FALSE,0.564588818,,,,,,,,
126,1.912388851,1.350710938,1.643921491,34.42440817,FALSE,FALSE,0.712198775,,,,,,,,
,,,,,,,,,,,,,,,
127,1.936218634,0.111163275,1.114130584,34.88834351,FALSE,FALSE,0.268073592,,1.936,0.111,1.114,34.888,FALSE,FALSE,0.268073592
127,1.904061633,0.127680053,0.887898124,35.34278267,FALSE,TRUE,0.47717546,,,,,,,,
127,1.709753288,0.928975788,-0.064825611,34.64071409,FALSE,TRUE,0.155024902,,,,,,,,
,,,,,,,,,,,,,,,
128,2.358024864,-0.131405037,0.691861373,34.73042381,FALSE,TRUE,0.200731931,,2.355,-0.066,0.738,34.486,TRUE,TRUE,0.370387346
128,2.354945491,-0.066135792,0.737565364,34.48568768,TRUE,TRUE,0.370387346,,,,,,,,
,,,,,,,,,,,,,,,
129,2.621614009,0.567632465,1.222391071,33.1413484,TRUE,FALSE,0.132229808,,2.513,0.45,0.865,34.685,FALSE,TRUE,0.391219078
129,2.51261131,0.449583524,0.864926681,34.68547051,FALSE,TRUE,0.391219078,,,,,,,,
129,2.216899342,-1.682754617,1.449061353,33.05502096,FALSE,FALSE,0.184021459,,,,,,,,
129,2.215759584,-1.341496537,1.459896775,33.34536599,TRUE,FALSE,1.534524975,,,,,,,,
,,,,,,,,,,,,,,,
130,3.155111779,-0.577339339,0.903477484,37.14767541,TRUE,TRUE,0.117429923,,3.019,-0.429,1.319,35.891,FALSE,TRUE,0.412811066
130,3.11169499,-0.22841016,1.702169132,32.40416885,TRUE,FALSE,0.282929694,,,,,,,,
130,3.034043061,-0.376095673,1.456316594,35.55811175,FALSE,TRUE,0.43530705,,,,,,,,
130,3.019457884,-0.428721196,1.319175667,35.89131925,FALSE,TRUE,0.412811066,,,,,,,,
,,,,,,,,,,,,,,,
131,2.834821407,-0.922780526,1.061903833,34.25609581,FALSE,FALSE,0.414127993,,2.68,-0.86,1.321,32.744,TRUE,FALSE,0.359024128
131,2.775600716,-2.278441523,1.894660406,35.8262337,FALSE,FALSE,1.386755633,,,,,,,,
131,2.682553711,-0.818223319,1.368700764,32.55068256,TRUE,FALSE,0.219562764,,,,,,,,
131,2.680464004,-0.859688448,1.321457974,32.74363768,TRUE,FALSE,0.359024128,,,,,,,,
131,2.165302595,-1.319370226,-1.184321719,32.3789405,TRUE,FALSE,0.246967206,,,,,,,,
131,2.018509789,1.960844784,1.793305526,33.52199318,FALSE,FALSE,0.437679917,,,,,,,,
,,,,,,,,,,,,,,,
132,3.521383472,-1.600203632,1.239529174,35.23536393,FALSE,FALSE,0.622489831,,3.332,-1.306,1.219,32.837,TRUE,FALSE,0.290063382
132,3.331693829,-1.306068233,1.218602636,32.83685192,TRUE,FALSE,0.290063382,,,,,,,,
132,3.25509384,-0.559329801,1.738339283,32.83672945,TRUE,FALSE,0.40300766,,,,,,,,
132,2.862969229,-2.07375629,-0.738200102,33.80879471,FALSE,FALSE,0.129568252,,,,,,,,
132,2.821858657,-2.138979507,-1.524225673,33.65146866,FALSE,FALSE,0.533474877,,,,,,,,
132,2.408701349,1.718836407,1.446527842,35.58468348,FALSE,FALSE,1.117017731,,,,,,,,
,,,,,,,,,,,,,,,
133,3.45503991,-1.013581824,0.808926897,35.45473814,FALSE,FALSE,1.042958858,,3.047,-0.336,0.565,33.375,TRUE,FALSE,0.393310098
133,3.046816298,-0.335958811,0.565004924,33.37458416,TRUE,FALSE,0.393310098,,,,,,,,
133,2.574383997,-0.91083247,-1.855070342,33.63685142,FALSE,FALSE,0.6018874,,,,,,,,
,,,,,,,,,,,,,,,
134,3.051618501,-1.772922003,-0.189850896,32.86181636,TRUE,FALSE,0.373112691,,3.052,-1.773,-0.19,32.862,TRUE,FALSE,0.373112691
134,2.458079445,1.139431528,0.967458357,34.56655509,FALSE,FALSE,1.417424235,,,,,,,,
134,2.4350477,1.228708071,0.881420223,34.98011267,FALSE,FALSE,0.444201397,,,,,,,,
134,2.211476724,1.256466857,0.590953769,33.2130084,TRUE,FALSE,0.412452856,,,,,,,,
,,,,,,,,,,,,,,,
135,3.484722495,-1.325067139,0.560583362,32.7716598,TRUE,TRUE,0.356004473,,2.876,-0.253,-0.111,35.901,TRUE,TRUE,0.515121341
135,2.92865639,-2.291111091,0.983048037,35.69576923,FALSE,TRUE,0.615491215,,,,,,,,
135,2.875727546,-0.253203207,-0.111020435,35.90060414,TRUE,TRUE,0.515121341,,,,,,,,
,,,,,,,,,,,,,,,
136,3.015968197,-0.330814079,0.7048711,33.1550657,TRUE,TRUE,0.347212431,,2.94,-0.549,0.71,34.164,TRUE,FALSE,0.27912141
136,2.940395289,-0.54886219,0.709766635,34.16404321,TRUE,FALSE,0.27912141,,,,,,,,
136,2.779300668,1.106496307,0.98710413,33.30354302,TRUE,FALSE,1.566950703,,,,,,,,
,,,,,,,,,,,,,,,
137,2.824013205,-0.568212075,0.493508695,33.92146711,TRUE,FALSE,0.218511562,,2.558,-0.468,-0.029,35.362,FALSE,TRUE,0.37306194
137,2.641322235,-1.174373298,0.938427901,34.9550704,FALSE,FALSE,0.684295319,,,,,,,,
137,2.557726172,-0.467606121,-0.028683358,35.36150774,FALSE,TRUE,0.37306194,,,,,,,,
137,2.555114427,-0.423280905,-0.156006857,35.6966504,TRUE,TRUE,0.397450302,,,,,,,,
137,2.549131318,-1.068822468,0.511602275,36.55741661,TRUE,TRUE,1.135010962,,,,,,,,
137,2.535585337,-1.212538295,0.742674942,36.13103946,FALSE,TRUE,0.314684593,,,,,,,,
137,2.488722773,-1.474464569,0.578229855,37.11728836,TRUE,TRUE,0.457203235,,,,,,,,
,,,,,,,,,,,,,,,
138,2.871302862,-0.407095856,-0.940527205,37.12009502,TRUE,TRUE,0.745595284,,2.455,0.48,0.566,32.905,TRUE,TRUE,0.19850789
138,2.85571565,-0.290450457,-1.101152291,37.54280521,TRUE,TRUE,0.352378555,,,,,,,,
138,2.850435535,-0.100020135,-1.181313555,37.47073479,TRUE,TRUE,0.858546804,,,,,,,,
138,2.777178729,-1.620902381,0.236626953,37.68880868,TRUE,TRUE,0.30145317,,,,,,,,
138,2.757096876,-1.123006004,-0.220995719,37.20188928,TRUE,TRUE,1.396016172,,,,,,,,
138,2.646004787,-0.220802153,0.822319991,34.96715948,FALSE,FALSE,0.38750754,,,,,,,,
138,2.636387406,-0.63805352,0.583015886,35.76526208,FALSE,TRUE,0.75184724,,,,,,,,
138,2.609435927,-0.655893653,0.218134853,36.13670973,TRUE,TRUE,0.845004561,,,,,,,,
138,2.607839964,-0.947419688,0.475874823,36.2412256,TRUE,TRUE,0.560448976,,,,,,,,
138,2.595292982,-0.117178087,-0.028083875,35.91209591,TRUE,TRUE,0.690612264,,,,,,,,
138,2.455095359,0.48036085,0.565870046,32.90469007,TRUE,TRUE,0.19850789,,,,,,,,
138,1.89168605,-1.878890658,1.170557502,32.6023635,TRUE,FALSE,0.59036844,,,,,,,,
,,,,,,,,,,,,,,,
139,2.92619957,0.537514581,1.249207694,32.13802722,TRUE,TRUE,0.186105219,,2.688,-0.255,1.448,35.089,FALSE,TRUE,0.366258598
139,2.884924695,0.382807375,1.484483776,32.69049277,TRUE,FALSE,0.500342569,,,,,,,,
139,2.87816819,0.288187603,1.587388951,32.97541215,TRUE,FALSE,0.444296199,,,,,,,,
139,2.864592372,0.69797691,1.975876436,33.95698375,FALSE,FALSE,1.032385922,,,,,,,,
139,2.687508573,-0.255453577,1.448136499,35.08933397,FALSE,TRUE,0.366258598,,,,,,,,
139,2.089948244,-2.029319064,2.097199483,31.92241418,TRUE,FALSE,0.632487248,,,,,,,,
,,,,,,,,,,,,,,,
140,3.031266717,0.882153476,1.614696879,36.45282189,TRUE,TRUE,0.396455964,,2.593,-0.511,1.111,33.166,TRUE,FALSE,0.645827926
140,3.019717938,0.933507047,1.480590714,36.79356162,TRUE,TRUE,0.404256208,,,,,,,,
140,2.977835959,1.28069782,1.936440105,35.76499587,FALSE,FALSE,0.72486559,,,,,,,,
140,2.963162575,1.507049384,2.126612119,35.46648065,FALSE,FALSE,0.7951028,,,,,,,,
140,2.954963068,0.96993208,1.8604364,35.12708313,FALSE,FALSE,0.23784663,,,,,,,,
140,2.952938028,1.046572406,1.869115892,35.33218729,FALSE,FALSE,0.593013079,,,,,,,,
140,2.949810025,0.883267265,1.777254122,35.40903007,FALSE,FALSE,0.475135354,,,,,,,,
140,2.944485601,1.25570655,2.040420155,35.1108019,FALSE,FALSE,1.162104081,,,,,,,,
140,2.593464758,-0.511436697,1.110921316,33.1660022,TRUE,FALSE,0.645827926,,,,,,,,
140,2.593705823,-0.459058024,1.214166033,33.44979384,TRUE,FALSE,0.287440889,,,,,,,,
140,2.570618892,0.217068753,1.331700959,33.14315424,TRUE,FALSE,0.328170394,,,,,,,,
140,2.431745746,1.435538176,1.247190249,33.14014114,TRUE,FALSE,0.4075795,,,,,,,,
,,,,,,,,,,,,,,,
141,2.870506143,-0.841755284,1.656751892,32.40579679,TRUE,FALSE,0.294032971,,2.652,0.497,1.673,35.906,FALSE,TRUE,0.513838097
141,2.75770871,-0.394016978,2.085128737,33.2190178,TRUE,FALSE,0.672448933,,,,,,,,
141,2.652279124,0.497094432,1.672516651,35.90565702,FALSE,TRUE,0.513838097,,,,,,,,
141,2.389214151,1.190125626,2.391494127,32.23101721,TRUE,FALSE,0.315243937,,,,,,,,
,,,,,,,,,,,,,,,
142,3.070621023,0.088519378,1.313638082,32.7717504,TRUE,FALSE,0.274954827,,2.511,-0.147,0.743,35.306,FALSE,TRUE,0.223504643
142,2.712950235,1.807549522,1.810345425,32.77461192,TRUE,FALSE,1.462182491,,,,,,,,
142,2.51412939,-0.171306016,0.71427162,35.48366296,FALSE,TRUE,0.334316805,,,,,,,,
142,2.510801099,-0.14700351,0.742779704,35.30587949,FALSE,TRUE,0.223504643,,,,,,,,
142,2.489906098,-0.779397115,1.26242626,35.36588841,FALSE,TRUE,0.334449992,,,,,,,,
142,2.485895368,0.450298778,0.477263458,35.27472453,FALSE,TRUE,0.461852101,,,,,,,,
142,1.944708534,2.290316916,0.951501995,34.96014597,FALSE,FALSE,1.132752419,,,,,,,,
,,,,,,,,,,,,,,,
143,1.939348059,0.520457979,-0.043661551,34.76497857,TRUE,TRUE,0.364671846,,1.938,0.655,-0.085,34.409,TRUE,FALSE,0.404540814
143,1.937704293,0.655366419,-0.085362907,34.40914693,TRUE,FALSE,0.404540814,,,,,,,,
143,1.915240375,0.391268105,0.239318448,33.92387612,TRUE,FALSE,1.442275529,,,,,,,,
143,1.908720672,0.234660401,0.309684078,34.40969083,TRUE,TRUE,0.994099221,,,,,,,,
143,1.743950089,-0.987229381,0.62309047,35.11324318,FALSE,FALSE,0.470906515,,,,,,,,
,,,,,,,,,,,,,,,
144,1.925527398,-0.200318843,0.79340554,35.00916065,FALSE,TRUE,0.409510367,,1.926,-0.2,0.793,35.009,FALSE,TRUE,0.409510367
144,1.90650094,-0.11563599,0.744755895,35.52709899,TRUE,TRUE,0.404800347,,,,,,,,
144,1.666180141,2.292401667,1.512113364,36.54294409,FALSE,FALSE,0.481884993,,,,,,,,
144,1.532467586,1.684214855,1.325251882,35.68579917,FALSE,FALSE,0.816936241,,,,,,,,
144,1.493376009,2.435892798,1.433560422,35.3497995,FALSE,FALSE,0.304041047,,,,,,,,
,,,,,,,,,,,,,,,
145,2.52036988,0.985696487,1.861849483,33.50459128,FALSE,FALSE,0.539628989,,2.193,1.204,1.712,35.422,FALSE,FALSE,0.231060245
145,2.508339168,1.562954786,2.092293677,33.76386015,FALSE,FALSE,1.450598998,,,,,,,,
145,2.478188174,1.60936271,1.860657202,33.19276386,FALSE,FALSE,1.122629833,,,,,,,,
145,2.23750682,1.837148387,1.548579425,36.31808235,FALSE,TRUE,1.047998232,,,,,,,,
145,2.209414155,1.24322225,1.595519607,35.87775102,FALSE,TRUE,0.389445668,,,,,,,,
145,2.193152788,1.204006856,1.712159163,35.42150799,FALSE,FALSE,0.231060245,,,,,,,,
145,2.142452459,1.90829049,1.814906362,35.38043397,FALSE,FALSE,0.23813419,,,,,,,,
145,1.453719931,0.006954582,-0.171810486,35.26888661,FALSE,TRUE,0.46395081,,,,,,,,
,,,,,,,,,,,,,,,
146,2.807120748,0.4867504,1.11551761,33.66116986,TRUE,FALSE,0.565868212,,2.593,0.685,0.961,35.717,FALSE,TRUE,0.324776053
146,2.783348487,0.195863146,0.927151472,33.28520498,TRUE,FALSE,0.77612221,,,,,,,,
146,2.781632743,0.431508333,0.976541682,33.16193231,TRUE,FALSE,0.273945657,,,,,,,,
146,2.776428225,0.724632977,1.400122332,34.22590711,FALSE,FALSE,0.60158578,,,,,,,,
146,2.593053627,0.684838766,0.961377161,35.71719275,FALSE,TRUE,0.324776053,,,,,,,,
146,2.542910659,0.650569942,1.644868091,36.07680768,FALSE,TRUE,1.234342241,,,,,,,,
146,2.542316847,0.670049502,1.748961928,35.92558011,FALSE,FALSE,0.153085991,,,,,,,,
,,,,,,,,,,,,,,,
147,3.415065485,0.103055479,1.947324233,33.98455854,FALSE,FALSE,0.211230305,,3.226,-0.064,1.609,35.647,FALSE,TRUE,0.267142913
147,3.226333074,-0.06359746,1.609461867,35.64666628,FALSE,TRUE,0.267142913,,,,,,,,
,,,,,,,,,,,,,,,
148,3.059635316,-0.232575858,1.211924343,33.17402693,TRUE,FALSE,0.576370713,,3.047,-1.435,0.928,35.737,FALSE,FALSE,0.480421025
148,3.047300829,-1.435143725,0.928042911,35.73715277,FALSE,FALSE,0.480421025,,,,,,,,
148,3.01069457,0.413816594,1.47464392,33.40601961,TRUE,FALSE,0.434066541,,,,,,,,
148,2.986027885,-1.187765935,0.661566126,36.73785322,FALSE,TRUE,0.468722042,,,,,,,,
148,2.729094674,-1.640305246,1.347727522,31.87809871,TRUE,FALSE,0.24077302,,,,,,,,
148,2.730079087,0.114698334,1.269064431,36.27263879,FALSE,TRUE,0.322826945,,,,,,,,
,,,,,,,,,,,,,,,
149,2.236299378,0.712215629,0.661744743,35.80231798,FALSE,TRUE,1.315045861,,2.193,0.588,0.564,35.283,FALSE,TRUE,0.242525235
149,2.231980217,0.902070314,0.96848885,35.39540871,FALSE,FALSE,0.229847775,,,,,,,,
149,2.193270208,0.587865054,0.563833815,35.28296343,FALSE,TRUE,0.242525235,,,,,,,,
149,2.164600938,0.022224823,0.068113572,36.10193345,TRUE,TRUE,1.236114412,,,,,,,,
149,2.137962932,1.14577495,0.576229245,36.66100562,TRUE,TRUE,0.368468132,,,,,,,,
149,2.131387057,0.550398829,0.099136383,36.61840227,TRUE,TRUE,0.415452683,,,,,,,,
149,1.971885479,-0.607799638,-0.122670775,35.00198414,FALSE,TRUE,0.349144388,,,,,,,,
,,,,,,,,,,,,,,,
150,2.031442053,1.365961587,1.664172375,33.04869103,FALSE,FALSE,0.729043511,,1.644,-0.698,-1.166,35.267,FALSE,TRUE,0.492938369
150,2.031719862,1.358347429,1.704741524,33.00026922,FALSE,FALSE,1.462998298,,,,,,,,
150,1.644143734,-0.697615677,-1.166149375,35.26675056,FALSE,TRUE,0.492938369,,,,,,,,
150,1.441614805,1.500551813,-0.249159145,35.32159484,FALSE,FALSE,0.298638866,,,,,,,,
,,,,,,,,,,,,,,,
151,2.428576169,-1.012203014,-0.337786765,35.5067938,FALSE,TRUE,0.213166178,,2.422,-1.087,-0.28,34.838,FALSE,FALSE,0.283888465
151,2.427109474,-1.253267848,-0.234429239,34.35151761,FALSE,FALSE,0.329050818,,,,,,,,
151,2.421739939,-1.087047111,-0.279931914,34.83803245,FALSE,FALSE,0.283888465,,,,,,,,
,,,,,,,,,,,,,,,
152,2.518374621,-0.816462607,0.549184936,35.16657405,FALSE,FALSE,0.33282384,,2.518,-0.816,0.549,35.167,FALSE,FALSE,0.33282384
,,,,,,,,,,,,,,,
153,2.545466307,0.553908051,-0.43446966,36.93982594,TRUE,TRUE,0.446904189,,2.326,0.367,0.223,34.803,FALSE,TRUE,0.209487999
153,2.542648427,0.611551366,-0.374151937,36.74149239,TRUE,TRUE,0.384702695,,,,,,,,
153,2.326067529,0.366635315,0.223345296,34.80288352,FALSE,TRUE,0.209487999,,,,,,,,
,,,,,,,,,,,,,,,
154,2.453868388,0.127996575,0.060570581,35.89157302,TRUE,TRUE,0.324629962,,2.454,0.128,0.061,35.892,TRUE,TRUE,0.324629962
154,1.843986247,-1.97619547,0.922446136,35.07410388,FALSE,FALSE,1.211144195,,,,,,,,
154,1.841585231,-2.027817809,0.916296285,35.19564146,FALSE,FALSE,0.581647514,,,,,,,,
,,,,,,,,,,,,,,,
155,2.667792559,-0.077830353,0.531303323,34.47606388,FALSE,TRUE,0.224422705,,2.664,-0.041,0.609,34.209,TRUE,FALSE,0.348737753
155,2.664009918,-0.041420997,0.608538123,34.20870256,TRUE,FALSE,0.348737753,,,,,,,,
,,,,,,,,,,,,,,,
156,2.220122494,0.041661923,0.842183693,33.59296457,TRUE,FALSE,0.293836036,,2.22,0.042,0.842,33.593,TRUE,FALSE,0.293836036
156,2.078668673,1.202947617,1.449076173,33.79447938,FALSE,FALSE,0.803637231,,,,,,,,
,,,,,,,,,,,,,,,
157,2.703723306,-0.503818385,1.249808322,32.16427242,TRUE,TRUE,0.1469826,,2.334,0.586,0.427,35.689,TRUE,TRUE,0.411120461
157,2.440857694,1.009191723,1.778964914,32.95079386,TRUE,FALSE,0.884358885,,,,,,,,
157,2.333684037,0.586248781,0.426618393,35.68894899,TRUE,TRUE,0.411120461,,,,,,,,
157,2.313455808,0.482202268,0.633167268,35.19957911,FALSE,TRUE,0.48020214,,,,,,,,
157,2.307027619,1.760017162,1.740109093,32.29052909,TRUE,FALSE,0.608125541,,,,,,,,
157,2.30445196,0.673729472,0.808436276,35.09081639,FALSE,TRUE,1.271892315,,,,,,,,
157,2.268257454,0.307048451,0.757893679,34.60613173,FALSE,TRUE,0.347550236,,,,,,,,
157,2.265075852,0.444726361,0.867434326,34.55764477,FALSE,TRUE,1.10362238,,,,,,,,
157,2.252475368,0.046065527,0.817547097,34.0326908,TRUE,FALSE,0.554929327,,,,,,,,
157,2.250589102,0.779815377,1.133882556,34.27616444,FALSE,FALSE,0.371639364,,,,,,,,
157,2.247083088,0.835763147,1.261433884,33.99793099,FALSE,FALSE,0.518264979,,,,,,,,
,,,,,,,,,,,,,,,
158,2.255300884,0.329267886,0.572190034,35.30466244,FALSE,TRUE,0.522586986,,2.219,0.074,0.566,34.793,TRUE,TRUE,0.470135258
158,2.22843233,0.33950834,0.448040032,36.1265213,TRUE,TRUE,0.304071161,,,,,,,,
158,2.218703302,0.073508765,0.566185687,34.79257586,TRUE,TRUE,0.470135258,,,,,,,,
158,2.067108797,1.068805661,1.340558815,34.23683447,FALSE,FALSE,0.582834839,,,,,,,,
158,2.059927807,0.743621486,1.218427809,33.69251437,TRUE,FALSE,1.570553813,,,,,,,,
,,,,,,,,,,,,,,,
159,2.128037302,0.002503466,0.527007687,35.22182304,TRUE,TRUE,0.409103199,,2.128,0.003,0.527,35.222,TRUE,TRUE,0.409103199
159,2.084344448,0.902924161,0.808754537,35.4366733,FALSE,TRUE,1.039456916,,,,,,,,
159,2.084550983,0.843228814,0.793187776,35.38914661,FALSE,TRUE,0.258903747,,,,,,,,
159,2.076725621,0.912798688,0.918985203,35.12080572,FALSE,TRUE,0.372983199,,,,,,,,
159,1.527511252,-2.478291605,1.274393554,35.13289303,FALSE,FALSE,0.124326449,,,,,,,,
,,,,,,,,,,,,,,,
160,2.6601952,0.213778837,0.489468359,36.10717677,TRUE,TRUE,0.138619621,,2.66,0.214,0.489,36.107,TRUE,TRUE,0.138619621
,,,,,,,,,,,,,,,
161,3.386624264,-0.252580722,0.01847801,33.03236818,TRUE,TRUE,0.608149823,,2.577,-0.598,-0.169,36,TRUE,TRUE,0.099792995
161,3.370731006,-0.28497515,0.324997415,32.64134155,TRUE,TRUE,0.686571415,,,,,,,,
161,2.577365825,-0.598435812,-0.169390246,35.99954657,TRUE,TRUE,0.099792995,,,,,,,,
161,2.525667841,1.109960529,1.067824373,35.11448011,FALSE,FALSE,0.703488353,,,,,,,,
161,2.188204755,1.407230013,0.811477043,36.79526893,FALSE,TRUE,0.258179989,,,,,,,,
161,2.088158444,-2.819297697,0.128578956,36.03217734,FALSE,FALSE,0.309370148,,,,,,,,
