Frame Count,r,x,y,z,Eculid dist (xy),,,r,x,y,z,Euclid dist (xy),Max ED (xy)
112,3.158284015,-0.285502915,2.874175968,34.01805154,2.88832121,,,2.867,0.265,2.458,36.691,2.472243718,2.751016721
112,3.156809942,-0.497989003,2.709808602,33.61427169,2.755187055,,,,,,,,
112,2.938963749,-0.326787308,2.200832598,32.11262018,2.224961588,,,,,,,0,
112,2.86989872,0.242437909,2.672206662,36.78337256,2.683181802,,,,,,,0,
112,2.867319543,0.265421915,2.45831736,36.69052777,2.472604504,,,,,,,0,
112,2.854751624,0.254673824,2.015043027,36.32580596,2.031072908,,,,,,,0,
112,2.689943214,-1.132537952,0.717561331,33.34959068,1.340722371,,,,,,,0,
112,2.583969838,-0.922351548,0.51798243,32.4822081,1.057846008,,,,,,,0,
112,1.1587153,-4.211203666,-0.096235808,34.44958051,4.212303129,,,,,,,0,
112,1.037229901,-4.333626082,0.719998948,34.18048674,4.393030105,,,,,,,0,
112,0.979159799,-4.392634167,1.310323985,34.1709016,4.583904871,,,,,,,0,
112,0.958334001,-4.804017042,1.866186529,34.15113495,5.153759007,,,,,,,0,
112,0.950422572,-4.914827242,1.686941122,34.20085298,5.196277241,,,,,,,0,
,,,,,0,,,,,,,0,
113,2.548178455,-0.252429292,0.577525132,35.95990851,0.630282338,,,2.486,-0.18,0.777,35.103,0.797576956,
113,2.485625524,-0.180250713,0.777340409,35.10315008,0.797965182,,,,,,,0,
113,2.47806306,-0.510595123,0.571860822,36.97818739,0.766636928,,,,,,,0,
113,2.399175693,-0.489336554,1.480605347,37.06524692,1.559372456,,,,,,,0,
113,2.240019854,-0.569165611,2.44160213,35.52702211,2.50706411,,,,,,,0,
113,2.228290296,-0.515047707,2.298966378,35.20460461,2.355954275,,,,,,,0,
113,2.20607483,-0.473055222,2.691939149,34.90069331,2.73318818,,,,,,,0,
,,,,,0,,,,,,,0,
114,4.010073133,-0.306936129,0.889025536,31.0883558,0.940519107,,,2.819,-0.995,1.52,35.81,1.816707186,
114,2.819206626,-0.995291862,1.519718378,35.8095424,1.816631454,,,,,,,0,
114,2.314410022,0.245058039,-0.026827156,35.63563202,0.246522086,,,,,,,0,
,,,,,0,,,,,,,0,
115,3.054506813,1.131735518,1.651649902,33.8833835,2.002191969,,,2.895,-0.562,2.693,35.44,2.751016721,
115,2.896222819,-0.325087606,2.623596841,35.29803677,2.643660783,,,,,,,0,
115,2.894766848,-0.562261847,2.693057794,35.4404068,2.751126799,,,,,,,0,
115,2.843861734,0.613092881,1.778468104,36.29494996,1.881178268,,,,,,,0,
115,2.799434657,-1.530852086,2.789465082,35.33040769,3.181921362,,,,,,,0,
115,2.795937868,-0.594189159,2.381583674,36.33710198,2.454587858,,,,,,,0,
115,2.615025638,-1.943220095,2.32697929,36.46922996,3.031655811,,,,,,,0,
,,,,,0,,,,,,,0,
116,3.117642483,-0.395269722,0.470845142,36.96697078,0.6147628,,,3.051,0.07,0.424,34.077,0.429739456,
116,3.051232965,0.070302558,0.424181478,34.0768357,0.429967878,,,,,,,0,
116,2.768223292,1.896523002,1.376824657,34.82872324,2.34359673,,,,,,,0,
116,2.31177603,0.350719336,5.418458293,36.33489666,5.429796895,,,,,,,0,
116,2.299062903,0.245739127,4.819988597,36.11896043,4.826248833,,,,,,,0,
116,2.266877502,0.121562132,4.339888901,36.05199683,4.341591071,,,,,,,0,
116,1.900865807,-3.534355479,1.512891294,36.74226502,3.844542719,,,,,,,0,
,,,,,0,,,,,,,0,
117,3.701413677,-0.306249345,0.96523891,36.13657828,1.012657304,,,3.289,-0.087,-0.122,34.189,0.149843251,
117,3.69724387,-0.126371966,0.860533853,36.06526526,0.869763408,,,,,,,0,
117,3.579744318,-0.15315283,-0.931298962,31.40172545,0.943808003,,,,,,,0,
117,3.526331196,0.068505753,0.328442156,37.20185332,0.335510489,,,,,,,0,
117,3.288874647,-0.087242407,-0.121913525,34.18935422,0.149913792,,,,,,,0,
117,2.880573171,2.433503835,1.62121654,35.26616064,2.924086863,,,,,,,0,
,,,,,0,,,,,,,0,
118,3.734984641,-0.240140297,-0.059883003,32.18846072,0.247494114,,,3.548,-0.346,0.738,33.983,0.815082818,
118,3.683227235,-0.500153299,0.185831524,32.9708498,0.533560379,,,,,,,0,
118,3.547932416,-0.345631784,0.737899553,33.98293312,0.814835616,,,,,,,0,
,,,,,0,,,,,,,0,
119,3.728336571,-0.720111344,1.458466789,36.15597722,1.6265564,,,2.983,-0.504,0.742,32.907,0.896983835,
119,3.679315642,-1.214744486,2.026943145,36.29185905,2.363070604,,,,,,,0,
119,2.995887436,1.956420611,1.966760353,34.70433819,2.774117498,,,,,,,0,
119,2.983436108,-0.504163048,0.742116449,32.9067222,0.89717178,,,,,,,0,
119,2.712746536,2.015520791,1.422562581,32.97581965,2.466983655,,,,,,,0,
119,2.711403984,1.997324209,1.365816354,32.84485724,2.419660784,,,,,,,0,
,,,,,0,,,,,,,0,
120,3.256318056,-0.558400777,0.854661992,34.93413714,1.020910647,,,3.069,-0.087,0.51,32.927,0.517367374,
120,3.110496712,-1.860459338,1.608904951,36.26734173,2.459651213,,,,,,,0,
120,3.104761497,-1.437781145,1.240412692,35.90277026,1.898904491,,,,,,,0,
120,3.085787417,-1.736524948,1.324753037,36.71585411,2.184145028,,,,,,,0,
120,3.077869565,-0.108657453,0.634527207,33.25928065,0.643763325,,,,,,,0,
120,3.068840876,-0.086688646,0.509605914,32.92724541,0.516926599,,,,,,,0,
120,3.004196782,-0.236707021,0.23434508,36.50658959,0.333088322,,,,,,,0,
120,2.732231408,1.767059337,1.662984254,34.15035575,2.426523301,,,,,,,0,
120,2.550422043,2.187361678,1.211035521,32.94323903,2.500231618,,,,,,,0,
120,1.465780791,1.021234163,4.448246962,34.86430793,4.563969791,,,,,,,0,
,,,,,0,,,,,,,0,
121,3.143935539,-2.954437017,2.59061343,35.78539458,3.929373491,,,2.761,-1.457,1.732,34.929,2.263332278,
121,3.133692486,-0.389474559,0.640361999,33.65550134,0.74950245,,,,,,,0,
121,2.760667094,-1.45748747,1.732100878,34.92851221,2.2637233,,,,,,,0,
121,2.682959755,0.406589419,0.480174022,36.25020084,0.629191582,,,,,,,0,
121,2.6666006,0.458490082,0.342869969,36.69836888,0.572514603,,,,,,,0,
121,2.661604719,-2.392877421,1.378590771,34.10953121,2.761589192,,,,,,,0,
,,,,,0,,,,,,,0,
122,3.020384881,0.022533507,0.617670959,36.16751912,0.618081849,,,3.02,0.023,0.618,36.168,0.618427845,
122,2.782566553,-1.828350254,1.860626709,35.1966374,2.608600468,,,,,,,0,
,,,,,0,,,,,,,0,
123,3.410372637,-0.09731436,-0.108348276,32.49706452,0.145634589,,,3.355,-0.479,0.597,36.476,0.765408388,
123,3.359122505,-0.205456405,-0.732855555,32.13310967,0.761110766,,,,,,,0,
123,3.357434624,-0.221109738,-0.849615509,31.86609475,0.87791573,,,,,,,0,
123,3.355210477,-0.478751727,0.597201281,36.47608129,0.765410077,,,,,,,0,
123,3.351950989,-0.155021197,-0.509805833,31.80866976,0.532854163,,,,,,,0,
123,3.341946629,-0.061654935,-0.226989625,31.61139019,0.23521399,,,,,,,0,
123,3.340480576,-0.239571918,-1.264674607,31.87194096,1.287166099,,,,,,,0,
123,3.322276714,-0.415804126,0.218471221,33.47572821,0.469704956,,,,,,,0,
123,3.233265428,-1.449744442,1.308982161,36.69595393,1.953251967,,,,,,,0,
123,3.221154907,-1.717069397,1.42789378,37.06955675,2.233205759,,,,,,,0,
,,,,,0,,,,,,,0,
124,3.888,-0.273168955,0.879602265,34.37868082,0.921043659,,,3.442,0.344,0.557,36.783,0.654664036,
124,3.442,0.34402131,0.556658742,36.78294373,0.654384915,,,,,,,0,
,,,,,0,,,,,,,0,
125,2.577500051,1.188526609,0.982841758,35.40159873,1.542262436,,,2.578,1.189,0.983,35.402,1.542728103,
125,2.513472787,-0.45858473,0.381181699,35.57912924,0.596321593,,,,,,,0,
125,1.836333399,-3.155828661,1.521368152,36.92107227,3.503400575,,,,,,,0,
,,,,,0,,,,,,,0,
126,2.89171619,-0.31941427,-0.013221882,36.6265518,0.319687807,,,2.681,-0.658,0.173,35.106,0.680362403,
126,2.887159287,-0.443865238,-0.139379101,37.33772755,0.465234224,,,,,,,0,
126,2.680570283,-0.65771233,0.1728162,35.10627019,0.680037461,,,,,,,0,
126,2.080178562,1.543243439,1.985863766,33.40456331,2.515006006,,,,,,,0,
126,2.005999409,2.415394455,2.066783779,33.12905507,3.178950387,,,,,,,0,
126,1.938655519,2.235484443,1.80096321,32.55508254,2.87068967,,,,,,,0,
126,1.912388851,1.350710938,1.643921491,34.42440817,2.127650795,,,,,,,0,
126,1.871190044,-0.057156844,-3.582531501,36.28594709,3.582987421,,,,,,,0,
,,,,,0,,,,,,,0,
127,1.936218634,0.111163275,1.114130584,34.88834351,1.119662553,,,1.936,0.111,1.114,34.888,1.119516413,
127,1.904061633,0.127680053,0.887898124,35.34278267,0.897031368,,,,,,,0,
127,1.709753288,0.928975788,-0.064825611,34.64071409,0.931234865,,,,,,,0,
127,0.47644916,1.691834687,2.798332392,37.0300429,3.270010517,,,,,,,0,
127,0.416964632,1.843515214,3.387274377,36.52506794,3.856446039,,,,,,,0,
,,,,,0,,,,,,,0,
128,2.358024864,-0.131405037,0.691861373,34.73042381,0.704229681,,,2.355,-0.066,0.738,34.486,0.740945342,
128,2.354945491,-0.066135792,0.737565364,34.48568768,0.74052455,,,,,,,0,
128,1.818181326,1.730179791,3.336175294,33.1235929,3.7581362,,,,,,,0,
128,1.815462957,1.789954528,3.283626883,33.48645668,3.739805171,,,,,,,0,
,,,,,0,,,,,,,0,
129,2.621614009,0.567632465,1.222391071,33.1413484,1.347756115,,,2.513,0.45,0.865,34.685,0.975051281,
129,2.51261131,0.449583524,0.864926681,34.68547051,0.974794085,,,,,,,0,
129,2.216899342,-1.682754617,1.449061353,33.05502096,2.220685008,,,,,,,0,
129,2.215759584,-1.341496537,1.459896775,33.34536599,1.982652656,,,,,,,0,
129,2.115574871,-2.634556449,1.934427937,33.34694608,3.268470457,,,,,,,0,
129,2.112447544,-2.426444085,1.84729923,33.39536341,3.049613966,,,,,,,0,
129,2.103114009,-2.512277176,1.835356099,33.09250022,3.111280865,,,,,,,0,
129,1.799466263,-2.862849591,1.374716927,34.91573792,3.175807678,,,,,,,0,
,,,,,0,,,,,,,0,
130,3.155111779,-0.577339339,0.903477484,37.14767541,1.072190411,,,3.019,-0.429,1.319,35.891,1.387011896,
130,3.11169499,-0.22841016,1.702169132,32.40416885,1.717425677,,,,,,,0,
130,3.034043061,-0.376095673,1.456316594,35.55811175,1.504096399,,,,,,,0,
130,3.019457884,-0.428721196,1.319175667,35.89131925,1.387092753,,,,,,,0,
,,,,,0,,,,,,,0,
131,2.834821407,-0.922780526,1.061903833,34.25609581,1.406827512,,,2.68,-0.86,1.321,32.744,1.576274405,
131,2.775600716,-2.278441523,1.894660406,35.8262337,2.963280923,,,,,,,0,
131,2.682553711,-0.818223319,1.368700764,32.55068256,1.594625718,,,,,,,0,
131,2.680464004,-0.859688448,1.321457974,32.74363768,1.576488314,,,,,,,0,
131,2.673591738,-2.903569319,1.767443381,36.57857726,3.399201508,,,,,,,0,
131,2.371361579,-4.728465403,1.178987542,36.10982898,4.873232674,,,,,,,0,
131,2.165302595,-1.319370226,-1.184321719,32.3789405,1.772951135,,,,,,,0,
131,2.018509789,1.960844784,1.793305526,33.52199318,2.65722731,,,,,,,0,
131,1.993131076,2.43326285,1.976005609,33.69095994,3.134544028,,,,,,,0,
131,1.388715494,-0.204070616,5.974577698,36.2248475,5.97806185,,,,,,,0,
131,1.372646281,3.185473151,3.980326236,34.80260502,5.098061999,,,,,,,0,
131,1.072267812,-2.071003155,5.375636657,35.65899267,5.76077456,,,,,,,0,
131,1.05449782,-1.685627804,5.507695019,35.75192385,5.759865061,,,,,,,0,
131,1.046949003,-1.518110036,5.620164916,35.80836003,5.821590141,,,,,,,0,
131,1.03169491,-1.367275276,5.386509305,35.81746027,5.55733067,,,,,,,0,
,,,,,0,,,,,,,0,
132,3.521383472,-1.600203632,1.239529174,35.23536393,2.024125549,,,3.332,-1.306,1.219,32.837,1.786504128,
132,3.331693829,-1.306068233,1.218602636,32.83685192,1.786282904,,,,,,,0,
132,3.25509384,-0.559329801,1.738339283,32.83672945,1.826108783,,,,,,,0,
132,2.862969229,-2.07375629,-0.738200102,33.80879471,2.201227962,,,,,,,0,
132,2.821858657,-2.138979507,-1.524225673,33.65146866,2.626499045,,,,,,,0,
132,2.408701349,1.718836407,1.446527842,35.58468348,2.246517614,,,,,,,0,
,,,,,0,,,,,,,0,
133,3.45503991,-1.013581824,0.808926897,35.45473814,1.296807942,,,3.047,-0.336,0.565,33.375,0.65735911,
133,3.046816298,-0.335958811,0.565004924,33.37458416,0.65734229,,,,,,,0,
133,2.574383997,-0.91083247,-1.855070342,33.63685142,2.066616017,,,,,,,0,
,,,,,0,,,,,,,0,
134,3.051618501,-1.772922003,-0.189850896,32.86181636,1.783057989,,,3.052,-1.773,-0.19,32.862,1.783151424,
134,2.458079445,1.139431528,0.967458357,34.56655509,1.494750775,,,,,,,0,
134,2.4350477,1.228708071,0.881420223,34.98011267,1.512159097,,,,,,,0,
134,2.211476724,1.256466857,0.590953769,33.2130084,1.388501105,,,,,,,0,
,,,,,0,,,,,,,0,
135,3.484722495,-1.325067139,0.560583362,32.7716598,1.438769137,,,2.876,-0.253,-0.111,35.901,0.276278845,
135,2.92865639,-2.291111091,0.983048037,35.69576923,2.493105187,,,,,,,0,
135,2.875727546,-0.253203207,-0.111020435,35.90060414,0.276473147,,,,,,,0,
,,,,,0,,,,,,,0,
136,3.015968197,-0.330814079,0.7048711,33.1550657,0.778640625,,,2.94,-0.549,0.71,34.164,0.897497075,
136,2.940395289,-0.54886219,0.709766635,34.16404321,0.897228165,,,,,,,0,
136,2.779300668,1.106496307,0.98710413,33.30354302,1.482804316,,,,,,,0,
136,2.08165147,-1.469565919,-2.882018667,35.17401656,3.235066551,,,,,,,0,
136,2.059705065,-1.524172974,-2.597284028,34.75461187,3.01147598,,,,,,,0,
,,,,,0,,,,,,,0,
137,2.824013205,-0.568212075,0.493508695,33.92146711,0.752606002,,,2.558,-0.468,-0.029,35.362,0.468897643,
137,2.641322235,-1.174373298,0.938427901,34.9550704,1.503262974,,,,,,,0,
137,2.557726172,-0.467606121,-0.028683358,35.36150774,0.468485026,,,,,,,0,
137,2.555114427,-0.423280905,-0.156006857,35.6966504,0.451115134,,,,,,,0,
137,2.549131318,-1.068822468,0.511602275,36.55741661,1.184955002,,,,,,,0,
137,2.535585337,-1.212538295,0.742674942,36.13103946,1.421905477,,,,,,,0,
137,2.488722773,-1.474464569,0.578229855,37.11728836,1.583791505,,,,,,,0,
137,1.318034033,-0.250456675,3.945806261,35.46445374,3.953747032,,,,,,,0,
137,1.305597949,-0.19218866,4.221235287,35.52867793,4.225608102,,,,,,,0,
137,1.028276724,-2.545697153,5.101615655,34.89288117,5.701495969,,,,,,,0,
137,0.982101411,-2.307789684,4.556361143,35.12516426,5.107476881,,,,,,,0,
137,0.975347167,-1.74496008,4.896772231,35.25661879,5.198390517,,,,,,,0,
137,0.960285593,-2.85740407,4.648435265,34.62815839,5.456437339,,,,,,,0,
137,0.929648069,2.042532013,4.276468616,34.45099238,4.739210994,,,,,,,0,
137,0.924966025,2.047579166,4.098397624,34.44579957,4.581423744,,,,,,,0,
137,0.919110678,1.872051033,4.447292165,34.6111978,4.825244312,,,,,,,0,
137,0.8926817,1.460357361,3.393877174,34.4976099,3.694732182,,,,,,,0,
137,0.864427989,1.463705091,4.006076695,34.61760819,4.265100594,,,,,,,0,
,,,,,0,,,,,,,0,
138,2.871302862,-0.407095856,-0.940527205,37.12009502,1.024850457,,,2.455,0.48,0.566,32.905,0.742129369,
138,2.85571565,-0.290450457,-1.101152291,37.54280521,1.138814224,,,,,,,0,
138,2.850435535,-0.100020135,-1.181313555,37.47073479,1.185540275,,,,,,,0,
138,2.777178729,-1.620902381,0.236626953,37.68880868,1.638083283,,,,,,,0,
138,2.757096876,-1.123006004,-0.220995719,37.20188928,1.144544273,,,,,,,0,
138,2.646004787,-0.220802153,0.822319991,34.96715948,0.851448036,,,,,,,0,
138,2.636387406,-0.63805352,0.583015886,35.76526208,0.864303082,,,,,,,0,
138,2.609435927,-0.655893653,0.218134853,36.13670973,0.691215812,,,,,,,0,
138,2.607839964,-0.947419688,0.475874823,36.2412256,1.060217389,,,,,,,0,
138,2.595292982,-0.117178087,-0.028083875,35.91209591,0.120496507,,,,,,,0,
138,2.455095359,0.48036085,0.565870046,32.90469007,0.742263737,,,,,,,0,
138,1.89168605,-1.878890658,1.170557502,32.6023635,2.21369261,,,,,,,0,
138,1.1344789,0.97290764,3.95732921,35.46882837,4.075169169,,,,,,,0,
138,0.900984384,2.084694083,3.651595745,34.57651853,4.204771207,,,,,,,0,
,,,,,0,,,,,,,0,
139,2.92619957,0.537514581,1.249207694,32.13802722,1.359941832,,,2.688,-0.255,1.448,35.089,1.470281946,
139,2.884924695,0.382807375,1.484483776,32.69049277,1.533047151,,,,,,,0,
139,2.87816819,0.288187603,1.587388951,32.97541215,1.613336845,,,,,,,0,
139,2.864592372,0.69797691,1.975876436,33.95698375,2.095533215,,,,,,,0,
139,2.687508573,-0.255453577,1.448136499,35.08933397,1.470495104,,,,,,,0,
139,2.089948244,-2.029319064,2.097199483,31.92241418,2.918284005,,,,,,,0,
139,1.959676391,3.726644954,1.913011622,35.03882412,4.188973153,,,,,,,0,
,,,,,0,,,,,,,0,
140,3.031266717,0.882153476,1.614696879,36.45282189,1.839956729,,,2.593,-0.511,1.111,33.166,1.22288266,
140,3.019717938,0.933507047,1.480590714,36.79356162,1.750309764,,,,,,,0,
140,2.977835959,1.28069782,1.936440105,35.76499587,2.321634594,,,,,,,0,
140,2.963162575,1.507049384,2.126612119,35.46648065,2.606468291,,,,,,,0,
140,2.954963068,0.96993208,1.8604364,35.12708313,2.098092428,,,,,,,0,
140,2.952938028,1.046572406,1.869115892,35.33218729,2.142173667,,,,,,,0,
140,2.949810025,0.883267265,1.777254122,35.40903007,1.984639331,,,,,,,0,
140,2.944485601,1.25570655,2.040420155,35.1108019,2.395853365,,,,,,,0,
140,2.700279723,2.557006457,1.727092566,36.57986073,3.085632958,,,,,,,0,
140,2.697533454,3.071954767,2.03836784,36.16349645,3.686712566,,,,,,,0,
140,2.593705823,-0.459058024,1.214166033,33.44979384,1.298049855,,,,,,,0,
140,2.593464758,-0.511436697,1.110921316,33.1660022,1.222993731,,,,,,,0,
140,2.570618892,0.217068753,1.331700959,33.14315424,1.349276209,,,,,,,0,
140,2.431745746,1.435538176,1.247190249,33.14014114,1.901644912,,,,,,,0,
140,1.479252629,2.021201919,5.7084683,34.79407063,6.05573014,,,,,,,0,
,,,,,0,,,,,,,0,
141,2.870506143,-0.841755284,1.656751892,32.40579679,1.858326879,,,2.652,0.497,1.673,35.906,1.745261585,
141,2.75770871,-0.394016978,2.085128737,33.2190178,2.122029978,,,,,,,0,
141,2.652279124,0.497094432,1.672516651,35.90565702,1.744825155,,,,,,,0,
141,2.389214151,1.190125626,2.391494127,32.23101721,2.671262467,,,,,,,0,
141,2.374630743,1.919314464,2.50937501,32.22435885,3.159229487,,,,,,,0,
,,,,,0,,,,,,,0,
142,3.070621023,0.088519378,1.313638082,32.7717504,1.316617139,,,2.511,-0.147,0.743,35.306,0.757402139,
142,2.712950235,1.807549522,1.810345425,32.77461192,2.558238815,,,,,,,0,
142,2.51412939,-0.171306016,0.71427162,35.48366296,0.734526853,,,,,,,0,
142,2.510801099,-0.14700351,0.742779704,35.30587949,0.757186715,,,,,,,0,
142,2.489906098,-0.779397115,1.26242626,35.36588841,1.483637397,,,,,,,0,
142,2.486361867,0.383290152,0.529697803,35.17614386,0.653828038,,,,,,,0,
142,1.944708534,2.290316916,0.951501995,34.96014597,2.480102341,,,,,,,0,
,,,,,0,,,,,,,0,
143,1.939348059,0.520457979,-0.043661551,34.76497857,0.522286166,,,1.938,0.655,-0.085,34.409,0.660492241,
143,1.937704293,0.655366419,-0.085362907,34.40914693,0.66090239,,,,,,,0,
143,1.915240375,0.391268105,0.239318448,33.92387612,0.458654608,,,,,,,0,
143,1.908720672,0.234660401,0.309684078,34.40969083,0.388548236,,,,,,,0,
143,1.743950089,-0.987229381,0.62309047,35.11324318,1.167417485,,,,,,,0,
143,1.517745874,-1.470754879,2.730810893,37.93132037,3.101684711,,,,,,,0,
143,1.513921367,-1.410745774,2.663779114,37.81227694,3.014286451,,,,,,,0,
143,1.4836027,-1.624271212,3.134210751,38.306101,3.530089801,,,,,,,0,
143,1.035237624,-1.62043396,3.277839092,36.0667153,3.656505891,,,,,,,0,
143,1.015939419,-1.637182436,2.939127375,36.03850302,3.36434779,,,,,,,0,
,,,,,0,,,,,,,0,
144,1.925527398,-0.200318843,0.79340554,35.00916065,0.818303116,,,1.926,-0.2,0.793,35.009,0.81783189,
144,1.90650094,-0.11563599,0.744755895,35.52709899,0.753679657,,,,,,,0,
144,1.666180141,2.292401667,1.512113364,36.54294409,2.746195956,,,,,,,0,
144,1.532467586,1.684214855,1.325251882,35.68579917,2.143098744,,,,,,,0,
144,1.493376009,2.435892798,1.433560422,35.3497995,2.826423395,,,,,,,0,
144,1.116853234,4.330155989,-0.341642857,34.52186118,4.343612636,,,,,,,0,
,,,,,0,,,,,,,0,
145,2.52036988,0.985696487,1.861849483,33.50459128,2.106675357,,,2.193,1.204,1.712,35.422,2.092978739,
145,2.508339168,1.562954786,2.092293677,33.76386015,2.611612623,,,,,,,0,
145,2.478188174,1.60936271,1.860657202,33.19276386,2.460100314,,,,,,,0,
145,2.23750682,1.837148387,1.548579425,36.31808235,2.402751013,,,,,,,0,
145,2.209414155,1.24322225,1.595519607,35.87775102,2.022692359,,,,,,,0,
145,2.193152788,1.204006856,1.712159163,35.42150799,2.093112875,,,,,,,0,
145,2.142452459,1.90829049,1.814906362,35.38043397,2.633525716,,,,,,,0,
145,1.453719931,0.006954582,-0.171810486,35.26888661,0.171951183,,,,,,,0,
,,,,,0,,,,,,,0,
146,2.807120748,0.4867504,1.11551761,33.66116986,1.217088941,,,2.593,0.685,0.961,35.717,1.180146601,
146,2.783348487,0.195863146,0.927151472,33.28520498,0.947613964,,,,,,,0,
146,2.781632743,0.431508333,0.976541682,33.16193231,1.067629663,,,,,,,0,
146,2.776428225,0.724632977,1.400122332,34.22590711,1.576526402,,,,,,,0,
146,2.593053627,0.684838766,0.961377161,35.71719275,1.180360191,,,,,,,0,
146,2.542316847,0.670049502,1.748961928,35.92558011,1.872921291,,,,,,,0,
146,2.542910659,0.650569942,1.644868091,36.07680768,1.768850555,,,,,,,0,
146,1.312638898,-2.114011641,3.319204027,33.97153144,3.935245938,,,,,,,0,
,,,,,0,,,,,,,0,
147,3.415065485,0.103055479,1.947324233,33.98455854,1.950049256,,,3.226,-0.064,1.609,35.647,1.610272337,
147,3.226333074,-0.06359746,1.609461867,35.64666628,1.610717895,,,,,,,0,
147,1.30223499,4.494549314,-0.24007164,33.98062707,4.500956335,,,,,,,0,
147,1.18702504,5.295490223,1.684129566,33.85729096,5.556843447,,,,,,,0,
147,1.173536477,5.194282698,2.076829099,33.6726882,5.594085435,,,,,,,0,
,,,,,0,,,,,,,0,
148,3.059635316,-0.232575858,1.211924343,33.17402693,1.234038955,,,3.047,-1.435,0.928,35.737,1.708920419,
148,3.047300829,-1.435143725,0.928042911,35.73715277,1.70906441,,,,,,,0,
148,3.01069457,0.413816594,1.47464392,33.40601961,1.531606628,,,,,,,0,
148,2.986027885,-1.187765935,0.661566126,36.73785322,1.359579956,,,,,,,0,
148,2.730079087,0.114698334,1.269064431,36.27263879,1.27423712,,,,,,,0,
148,2.729094674,-1.640305246,1.347727522,31.87809871,2.122962735,,,,,,,0,
,,,,,0,,,,,,,0,
149,2.236299378,0.712215629,0.661744743,35.80231798,0.97219196,,,2.193,0.588,0.564,35.283,0.814763769,
149,2.231980217,0.902070314,0.96848885,35.39540871,1.323518607,,,,,,,0,
149,2.193270208,0.587865054,0.563833815,35.28296343,0.814551344,,,,,,,0,
149,2.164600938,0.022224823,0.068113572,36.10193345,0.07164776,,,,,,,0,
149,2.137962932,1.14577495,0.576229245,36.66100562,1.282513306,,,,,,,0,
149,2.131387057,0.550398829,0.099136383,36.61840227,0.55925566,,,,,,,0,
149,1.971885479,-0.607799638,-0.122670775,35.00198414,0.620055255,,,,,,,0,
,,,,,0,,,,,,,0,
150,2.031442053,1.365961587,1.664172375,33.04869103,2.152979505,,,1.644,-0.698,-1.166,35.267,1.358955481,
150,2.031719862,1.358347429,1.704741524,33.00026922,2.179736544,,,,,,,0,
150,1.644143734,-0.697615677,-1.166149375,35.26675056,1.358886308,,,,,,,0,
150,1.441614805,1.500551813,-0.249159145,35.32159484,1.52109698,,,,,,,0,
,,,,,0,,,,,,,0,
151,2.428576169,-1.012203014,-0.337786765,35.5067938,1.06707771,,,2.422,-1.087,-0.28,34.838,1.122483407,
151,2.427109474,-1.253267848,-0.234429239,34.35151761,1.27500485,,,,,,,0,
151,2.421739939,-1.087047111,-0.279931914,34.83803245,1.122512048,,,,,,,0,
,,,,,0,,,,,,,0,
152,2.518374621,-0.816462607,0.549184936,35.16657405,0.98397931,,,2.518,-0.816,0.549,35.167,0.983492247,
,,,,,0,,,,,,,0,
153,2.545466307,0.553908051,-0.43446966,36.93982594,0.703973021,,,2.326,0.367,0.223,34.803,0.429439169,
153,2.542648427,0.611551366,-0.374151937,36.74149239,0.716927294,,,,,,,0,
153,2.326067529,0.366635315,0.223345296,34.80288352,0.429307088,,,,,,,0,
,,,,,0,,,,,,,0,
154,2.453868388,0.127996575,0.060570581,35.89157302,0.141604797,,,2.454,0.128,0.061,35.892,0.141792101,
154,1.843986247,-1.97619547,0.922446136,35.07410388,2.180884089,,,,,,,0,
154,1.841585231,-2.027817809,0.916296285,35.19564146,2.225228965,,,,,,,0,
,,,,,0,,,,,,,0,
155,2.667792559,-0.077830353,0.531303323,34.47606388,0.536973728,,,2.664,-0.041,0.609,34.209,0.610378571,
155,2.664009918,-0.041420997,0.608538123,34.20870256,0.609946183,,,,,,,0,
155,1.766924784,-0.138198275,-3.764141218,36.41531942,3.766677299,,,,,,,0,
,,,,,0,,,,,,,0,
156,2.220122494,0.041661923,0.842183693,33.59296457,0.843213549,,,2.22,0.042,0.842,33.593,0.843046855,
156,2.078668673,1.202947617,1.449076173,33.79447938,1.883322788,,,,,,,0,
,,,,,0,,,,,,,0,
157,2.703723306,-0.503818385,1.249808322,32.16427242,1.347536199,,,2.334,0.586,0.427,35.689,0.725068962,
157,2.440857694,1.009191723,1.778964914,32.95079386,2.045283379,,,,,,,0,
157,2.333684037,0.586248781,0.426618393,35.68894899,0.725045438,,,,,,,0,
157,2.313455808,0.482202268,0.633167268,35.19957911,0.79587676,,,,,,,0,
157,2.307027619,1.760017162,1.740109093,32.29052909,2.475003044,,,,,,,0,
157,2.30445196,0.673729472,0.808436276,35.09081639,1.052369048,,,,,,,0,
157,2.268257454,0.307048451,0.757893679,34.60613173,0.817729527,,,,,,,0,
157,2.265075852,0.444726361,0.867434326,34.55764477,0.974794258,,,,,,,0,
157,2.252475368,0.046065527,0.817547097,34.0326908,0.818843873,,,,,,,0,
157,2.250589102,0.779815377,1.133882556,34.27616444,1.376154669,,,,,,,0,
157,2.247083088,0.835763147,1.261433884,33.99793099,1.513180585,,,,,,,0,
157,1.591758803,-2.938681414,1.466650355,34.17467097,3.284343422,,,,,,,0,
,,,,,0,,,,,,,0,
158,2.255300884,0.329267886,0.572190034,35.30466244,0.660165718,,,2.219,0.074,0.566,34.793,0.570816958,
158,2.22843233,0.33950834,0.448040032,36.1265213,0.562143917,,,,,,,0,
158,2.218703302,0.073508765,0.566185687,34.79257586,0.570937624,,,,,,,0,
158,2.067108797,1.068805661,1.340558815,34.23683447,1.714480527,,,,,,,0,
158,2.059927807,0.743621486,1.218427809,33.69251437,1.427423988,,,,,,,0,
158,1.632617647,-2.819070952,1.214395703,34.75794061,3.069514287,,,,,,,0,
,,,,,0,,,,,,,0,
159,2.128037302,0.002503466,0.527007687,35.22182304,0.527013633,,,2.128,0.003,0.527,35.222,0.527008539,
159,2.084550983,0.843228814,0.793187776,35.38914661,1.157662162,,,,,,,0,
159,2.084344448,0.902924161,0.808754537,35.4366733,1.212169931,,,,,,,0,
159,2.076725621,0.912798688,0.918985203,35.12080572,1.295274198,,,,,,,0,
159,1.527511252,-2.478291605,1.274393554,35.13289303,2.786755858,,,,,,,0,
,,,,,0,,,,,,,0,
160,2.6601952,0.213778837,0.489468359,36.10717677,0.534116715,,,2.66,0.214,0.489,36.107,0.53377617,
,,,,,0,,,,,,,0,
161,3.386624264,-0.252580722,0.01847801,33.03236818,0.253255717,,,2.577,-0.598,-0.169,36,0.621421757,
161,3.370731006,-0.28497515,0.324997415,32.64134155,0.432243168,,,,,,,0,
161,2.577365825,-0.598435812,-0.169390246,35.99954657,0.621947326,,,,,,,0,
161,2.525667841,1.109960529,1.067824373,35.11448011,1.540214682,,,,,,,0,
161,2.195702867,1.689287637,2.849016093,34.83273568,3.312187407,,,,,,,0,
161,2.188204755,1.407230013,0.811477043,36.79526893,1.624435687,,,,,,,0,
161,2.088158444,-2.819297697,0.128578956,36.03217734,2.822228207,,,,,,,0,
161,1.243238482,3.945590183,-0.534819061,35.16537207,3.981672176,,,,,,,0,
161,1.186806225,4.869387206,-0.78511628,35.26812528,4.93227527,,,,,,,0,
161,1.123510703,-3.851900895,-2.038675242,33.90981501,4.358134606,,,,,,,0,
161,0.972077483,4.150301428,-1.90209297,34.47070212,4.56540903,,,,,,,0,
161,0.970233966,4.192321744,-2.016956999,34.39708535,4.652276555,,,,,,,0,
161,0.869046988,3.388971452,-1.790815194,34.25521492,3.833033598,,,,,,,0,
