Frame Count,r,x,y,z,theta,,r,x,y,z,dist_cm_xy,dist_cm_z,dist_gc_xy,dist_gc_z,,x_1,y_1,z_1,atom_type_1,angle_1,dist_cm_xy_1,dist_cm_z_1,dist_gc_xy_1,dist_gc_z_1,,x_2,y_2,z_2,atom_type_2,angle_2,dist_cm_xy_2,dist_cm_z_2,dist_gc_xy_2,dist_gc_z_2,,x_3,y_3,z_3,atom_type_3,angle_3,dist_cm_xy_3,dist_cm_z_3,dist_gc_xy_3,dist_gc_z_3
112,2.867,0.265,2.458,36.691,0.765627146,,3.158284015,-0.285502915,2.874175968,34.01805154,2.23803037,-0.449313564,2.219659917,0.874120104,,-3.653,1.325,36.114,H_,1.239521413,3.514181718,-2.545262026,3.525459477,-1.221828358,,2.515,-0.296,33.528,H_,1.028942377,2.877365194,0.040737974,2.869218137,1.364171642,,-0.588,7.579,32.845,C_R2,0.873128863,6.951930926,0.723737974,6.933838416,2.047171642
112,,,,,,,3.156809942,-0.497989003,2.709808602,33.61427169,2.092645727,-0.045533715,2.076049392,1.277899953,,-3.653,1.325,36.114,H_,1.255145669,3.514181718,-2.545262026,3.525459477,-1.221828358,,2.515,-0.296,33.528,H_,1.013163343,2.877365194,0.040737974,2.869218137,1.364171642,,-1.328,7.112,31.738,C_R1,0.873283642,6.570844699,1.830737974,6.554770488,3.154171642
112,,,,,,,2.938963749,-0.326787308,2.200832598,32.11262018,1.567904043,1.456117797,1.550239587,2.779551465,,-4.27,1.646,31.437,H_,1.271089468,4.186558194,2.131737974,4.196815189,3.455171642,,-0.626,6.59,30.641,C_R2,1.051501233,5.967215755,2.927737974,5.949380131,4.251171642,,2.515,-0.296,33.528,H_,0.819001953,2.877365194,0.040737974,2.869218137,1.364171642
112,,,,,,,2.86989872,0.242437909,2.672206662,36.78337256,2.083659905,-3.214634587,2.061879088,-1.891200919,,-2.057,6.473,37.856,C_R2,1.533740703,6.121782631,-4.287262026,6.108328387,-2.963828358,,-4.28,2.016,36.753,C_R2,1.015708684,4.300209404,-3.184262026,4.308602118,-1.860828358,,4.8,3.003,36.727,C_R2,0.592143267,5.5373872,-3.158262026,5.515532565,-1.834828358
112,,,,,,,2.867319543,0.265421915,2.45831736,36.69052777,1.881003011,-3.121789798,1.858842797,-1.798356131,,4.193,2.327,36.146,H_,2.147793006,4.712941232,-2.577262026,4.691949016,-1.253828358,,4.8,3.003,36.727,C_R2,0.894680266,5.5373872,-3.158262026,5.515532565,-1.834828358,,-4.28,2.016,36.753,C_R2,0.099119382,4.300209404,-3.184262026,4.308602118,-1.860828358
112,,,,,,,2.854751624,0.254673824,2.015043027,36.32580596,1.452727306,-2.757067982,1.429926557,-1.433634315,,2.91,-1.026,34.217,C_R2,1.394510588,3.532884126,-0.648262026,3.528474686,0.675171642,,4.193,2.327,36.146,H_,1.255503973,4.712941232,-2.577262026,4.691949016,-1.253828358,,-4.28,2.016,36.753,C_R2,0.491578093,4.300209404,-3.184262026,4.308602118,-1.860828358
112,,,,,,,2.689943214,-1.132537952,0.717561331,33.34959068,0.929272715,0.219147296,0.943016438,1.542580963,,-3.653,1.325,36.114,H_,1.329725343,3.514181718,-2.545262026,3.525459477,-1.221828358,,-4.27,1.646,31.437,H_,1.13825556,4.186558194,2.131737974,4.196815189,3.455171642,,2.515,-0.296,33.528,H_,0.67361175,2.877365194,0.040737974,2.869218137,1.364171642
112,,,,,,,2.583969838,-0.922351548,0.51798243,32.4822081,0.725550921,1.086529878,0.743863677,2.409963545,,-4.256,-0.802,31.636,H_,1.526455137,4.297550701,1.932737974,4.318264034,3.256171642,,-4.27,1.646,31.437,H_,1.275281154,4.186558194,2.131737974,4.196815189,3.455171642,,2.515,-0.296,33.528,H_,0.339856362,2.877365194,0.040737974,2.869218137,1.364171642
,,,,,,,,,,,,,,,,,,,,,,,,,,,,,,,,,,,,,,,,,,,,
113,2.486,-0.18,0.777,35.103,0.166633403,,2.548178455,-0.252429292,0.577525132,35.95990851,0.274986518,-2.109759534,0.2830185,-0.846087619,,2.962,1.2,37.569,H_,1.43419971,3.002259867,-3.71885102,3.035292028,-2.455179104,,3.102,-1.962,35.372,C_R2,1.219446037,4.000049938,-1.52185102,3.937520681,-0.258179104,,-4.325,1.357,35.036,C_R2,0.487946906,4.414295975,-1.18585102,4.42603497,0.077820896
113,,,,,,,2.485625524,-0.180250713,0.777340409,35.10315008,0.275490877,-1.253001102,0.35467369,0.010670814,,2.753,2.774,35.619,H_,1.254395991,3.496347026,-1.76885102,3.573195486,-0.505179104,,2.247,-1.831,34.701,H_,1.226297404,3.288379733,-0.85085102,3.214148122,0.412820896,,-4.325,1.357,35.036,C_R2,0.660899258,4.414295975,-1.18585102,4.42603497,0.077820896
113,,,,,,,2.47806306,-0.510595123,0.571860822,36.97818739,0.533171323,-3.12803841,0.531869741,-1.864366495,,-2.185,-2.563,36.564,H_,1.466154173,3.849265602,-2.71385102,3.754096215,-1.450179104,,-4.529,1.542,36.372,C_R2,1.007200923,4.649635738,-2.52185102,4.664771624,-1.258179104,,2.962,1.2,37.569,H_,0.668237557,3.002259867,-3.71885102,3.035292028,-2.455179104
113,,,,,,,2.399175693,-0.489336554,1.480605347,37.06524692,1.02660185,-3.215097944,1.119635789,-1.951426029,,-1.278,5.276,38.398,C_R2,1.472597478,4.862515218,-4.54785102,4.966665165,-3.284179104,,-4.529,1.542,36.372,C_R2,0.892113128,4.649635738,-2.52185102,4.664771624,-1.258179104,,2.962,1.2,37.569,H_,0.776882048,3.002259867,-3.71885102,3.035292028,-2.455179104
113,,,,,,,2.240019854,-0.569165611,2.44160213,35.52702211,1.943232189,-1.676873129,2.046121805,-0.413201214,,-0.425,5.899,37.411,C_R2,1.373799529,5.327253954,-3.56085102,5.436559284,-2.297179104,,2.753,2.774,35.619,H_,1.059549225,3.496347026,-1.76885102,3.573195486,-0.505179104,,-4.325,1.357,35.036,C_R2,0.7082439,4.414295975,-1.18585102,4.42603497,0.077820896
113,,,,,,,2.228290296,-0.515047707,2.298966378,35.20460461,1.790910792,-1.354455629,1.894015327,-0.090783714,,-4.301,2.438,34.166,C_R2,1.497615528,4.701439697,-0.31585102,4.737769452,0.947820896,,-4.325,1.357,35.036,C_R2,1.451671111,4.414295975,-1.18585102,4.42603497,0.077820896,,2.753,2.774,35.619,H_,0.192306015,3.496347026,-1.76885102,3.573195486,-0.505179104
113,,,,,,,2.20607483,-0.473055222,2.691939149,34.90069331,2.158968982,-1.05054433,2.26464374,0.213127585,,-1.035,5.23,32.858,H_,1.650950364,4.758386012,0.99214898,4.864168363,2.255820896,,-4.301,2.438,34.166,C_R2,0.820688181,4.701439697,-0.31585102,4.737769452,0.947820896,,2.753,2.774,35.619,H_,0.669954109,3.496347026,-1.76885102,3.573195486,-0.505179104
,,,,,,,,,,,,,,,,,,,,,,,,,,,,,,,,,,,,,,,,,,,,
114,2.819,-0.995,1.52,35.81,0.114635056,,4.010073133,-0.306936129,0.889025536,31.0883558,0.454475097,2.855344607,0.455265577,4.145868084,,-1.308,-4.114,31.372,H_,1.530373448,4.686575196,2.571700403,4.663444293,3.862223881,,-6.011,1.127,30.979,C_R2,0.897192812,5.834785607,2.964700403,5.773268693,4.255223881,,4.731,1.744,31.121,H_,0.714026393,5.115398512,2.822700403,5.178675895,4.113223881
114,,,,,,,2.819206626,-0.995291862,1.519718378,35.8095424,1.328387239,-1.865841993,1.299997444,-0.575318515,,-2.465,-2.088,35.38,H_,1.537484131,3.386102159,-1.436299597,3.337710471,-0.145776119,,-5.493,1.96,35.811,C_R2,0.953266747,5.490184827,-1.867299597,5.432168948,-0.576776119,,2.874,2.133,35.922,H_,0.650841776,3.521961466,-1.978299597,3.581694538,-0.687776119
114,,,,,,,2.314410022,0.245058039,-0.026827156,35.63563202,0.658996768,-1.691931617,0.698547199,-0.401408139,,3.113,-1.756,34.97,H_,1.55155805,3.990390098,-1.026299597,4.038204669,0.264223881,,2.874,2.133,35.922,H_,0.962245682,3.521961466,-1.978299597,3.581694538,-0.687776119,,-2.465,-2.088,35.38,H_,0.627788921,3.386102159,-1.436299597,3.337710471,-0.145776119
,,,,,,,,,,,,,,,,,,,,,,,,,,,,,,,,,,,,,,,,,,,,
115,2.895,-0.562,2.693,35.44,0.938610708,,3.054506813,1.131735518,1.651649902,33.8833835,1.894721987,0.138644261,1.813498228,1.488952321,,2.706,-1.552,36.009,H_,1.461554371,3.157919019,-1.986972239,3.206552702,-0.636664179,,-1.775,-1.09,35.021,H_,1.121627531,2.164867229,-0.998972239,2.224555399,0.351335821,,3.378,5.238,32.146,O_R,0.558410752,6.123690927,1.876027761,6.03957889,3.226335821
115,,,,,,,2.896222819,-0.325087606,2.623596841,35.29803677,2.533046487,-1.276009007,2.437042338,0.074299053,,1.57,5.439,37.408,H_,1.47494706,5.544308162,-3.385972239,5.449242856,-2.035664179,,0.535,6.855,33.723,C_R2,1.160226079,6.759682326,0.299027761,6.6619438,1.649335821,,-1.775,-1.09,35.021,H_,0.506419514,2.164867229,-0.998972239,2.224555399,0.351335821
115,,,,,,,2.894766848,-0.562261847,2.693057794,35.4404068,2.644125682,-1.418379042,2.550087238,-0.068070982,,1.57,5.439,37.408,H_,1.365294235,5.544308162,-3.385972239,5.449242856,-2.035664179,,-0.884,6.925,33.68,C_R2,1.177916092,6.87054568,0.342027761,6.774395862,1.692335821,,-1.775,-1.09,35.021,H_,0.598382326,2.164867229,-0.998972239,2.224555399,0.351335821
115,,,,,,,2.843861734,0.613092881,1.778468104,36.29494996,1.765091334,-2.272922201,1.671683262,-0.922614141,,2.706,-1.552,36.009,H_,1.360878749,3.157919019,-1.986972239,3.206552702,-0.636664179,,-1.775,-1.09,35.021,H_,1.156223204,2.164867229,-0.998972239,2.224555399,0.351335821,,1.57,5.439,37.408,H_,0.6244907,5.544308162,-3.385972239,5.449242856,-2.035664179
115,,,,,,,2.795937868,-0.594189159,2.381583674,36.33710198,2.349608174,-2.315074219,2.25684365,-0.964766159,,-1.78,5.787,37.812,H_,1.429818304,5.952193412,-3.789972239,5.860670386,-2.439664179,,1.57,5.439,37.408,H_,1.26135057,5.544308162,-3.385972239,5.449242856,-2.035664179,,-1.775,-1.09,35.021,H_,0.450423779,2.164867229,-0.998972239,2.224555399,0.351335821
,,,,,,,,,,,,,,,,,,,,,,,,,,,,,,,,,,,,,,,,,,,,
116,3.051,0.07,0.424,34.077,0.484738883,,3.117642483,-0.395269722,0.470845142,36.96697078,0.892503037,-2.92153552,0.819825633,-1.57610511,,-3.645,-2.745,35.448,C_R2,1.315149645,4.556049623,-1.402564738,4.729614621,-0.057134328,,2.647,-2.257,35.922,H_,1.003812537,3.21108839,-1.876564738,3.267425033,-0.531134328,,-2.521,3.849,38.33,H_,0.822630472,4.879966928,-4.284564738,4.775473519,-2.939134328
116,,,,,,,3.051232965,0.070302558,0.424181478,34.0768357,0.661374873,-0.031400434,0.501223129,1.314029976,,2.647,-2.257,35.922,H_,1.265731977,3.21108839,-1.876564738,3.267425033,-0.531134328,,-2.835,-2.445,34.825,H_,1.188869767,3.720147839,-0.779564738,3.899137025,0.565865672,,0.656,4.723,32.14,C_R2,0.686990909,4.97998064,1.905435262,4.788581183,3.250865672
116,,,,,,,2.768223292,1.896523002,1.376824657,34.82872324,2.370625111,-0.783287975,2.18470962,0.562142435,,2.711,3.432,38.003,H_,1.440672827,4.467139778,-3.957564738,4.267664374,-2.612134328,,2.647,-2.257,35.922,H_,0.876857176,3.21108839,-1.876564738,3.267425033,-0.531134328,,0.656,4.723,32.14,C_R2,0.824062651,4.97998064,1.905435262,4.788581183,3.250865672
,,,,,,,,,,,,,,,,,,,,,,,,,,,,,,,,,,,,,,,,,,,,
117,3.289,-0.087,-0.122,34.189,0.532879468,,3.701413677,-0.306249345,0.96523891,36.13657828,1.319798339,-2.272511408,1.176934872,-0.940839479,,-0.852,4.5,32.089,C_R2,1.207933806,4.890470489,1.775066876,4.744274012,3.106738806,,2.617,3.975,38.471,H_,1.106631938,5.192360624,-4.606933124,5.100723596,-3.275261194,,-2.583,-3.259,35.976,H_,0.82702691,3.725671345,-2.111933124,3.809691852,-0.780261194
117,,,,,,,3.69724387,-0.126371966,0.860533853,36.06526526,1.220319765,-2.201198385,1.0856257,-0.869526456,,0.533,4.509,32.143,C_R2,1.206711272,4.925205767,1.721066876,4.793005231,3.052738806,,2.617,3.975,38.471,H_,1.193826503,5.192360624,-4.606933124,5.100723596,-3.275261194,,-2.583,-3.259,35.976,H_,0.741054878,3.725671345,-2.111933124,3.809691852,-0.780261194
117,,,,,,,3.579744318,-0.15315283,-0.931298962,31.40172545,0.586123885,2.462341426,0.733807177,3.794013356,,1.061,3.54,32.06,H_,1.416010658,4.108525703,1.804066876,3.989750521,3.135738806,,4.476,-1.538,31.081,H_,1.001907401,4.873189836,2.783066876,4.953509923,4.114738806,,-4.76,-1.749,31.493,H_,0.723674595,4.720021044,2.371066876,4.720701662,3.702738806
117,,,,,,,3.526331196,0.068505753,0.328442156,37.20185332,0.753000249,-3.337786442,0.651948461,-2.006114513,,3.555,-2.191,35.499,H_,1.55713352,4.226410207,-1.634933124,4.330463668,-0.303261194,,-2.583,-3.259,35.976,H_,0.843068313,3.725671345,-2.111933124,3.809691852,-0.780261194,,2.617,3.975,38.471,H_,0.741390821,5.192360624,-4.606933124,5.100723596,-3.275261194
117,,,,,,,3.288874647,-0.087242407,-0.121913525,34.18935422,0.283567153,-0.32528734,0.227816548,1.00638459,,3.555,-2.191,35.499,H_,1.400666187,4.226410207,-1.634933124,4.330463668,-0.303261194,,-2.583,-3.259,35.976,H_,0.948795288,3.725671345,-2.111933124,3.809691852,-0.780261194,,1.061,3.54,32.06,H_,0.792131179,4.108525703,1.804066876,3.989750521,3.135738806
117,,,,,,,2.880573171,2.433503835,1.62121654,35.26616064,3.332534629,-1.40209376,3.288327712,-0.07042183,,2.617,3.975,38.471,H_,1.110851794,5.192360624,-4.606933124,5.100723596,-3.275261194,,1.061,3.54,32.06,H_,1.050799551,4.108525703,1.804066876,3.989750521,3.135738806,,3.555,-2.191,35.499,H_,0.979941309,4.226410207,-1.634933124,4.330463668,-0.303261194
,,,,,,,,,,,,,,,,,,,,,,,,,,,,,,,,,,,,,,,,,,,,
118,3.548,-0.346,0.738,33.983,0.509885793,,3.734984641,-0.240140297,-0.059883003,32.18846072,0.078394315,1.758747735,0.194307347,3.084983312,,3.455,-1.822,34.761,H_,1.561914526,4.123873873,-0.813791548,4.283600696,0.51244403,,-1.412,-4.735,32.572,H_,0.945195861,4.754560985,1.375208452,4.902182962,2.70144403,,0.606,5.26,31.466,C_R2,0.634482266,5.448308232,2.481208452,5.294989001,3.80744403
118,,,,,,,3.683227235,-0.500153299,0.185831524,32.9708498,0.36061663,0.976358649,0.165211551,2.302594227,,-0.783,5.374,31.563,C_R2,1.33632148,5.508184015,2.384208452,5.328193197,3.71044403,,-5.601,0.403,31.264,C_R2,1.062000311,5.328034626,2.683208452,5.219298525,4.00944403,,3.455,-1.822,34.761,H_,0.743270862,4.123873873,-0.813791548,4.283600696,0.51244403
118,,,,,,,3.547932416,-0.345631784,0.737899553,33.98293312,0.852021836,-0.035724672,0.679450402,1.290510906,,-4.002,-1.512,35.764,H_,1.160575855,3.959479799,-1.816791548,3.936564918,-0.49055597,,3.455,-1.822,34.761,H_,1.09867367,4.123873873,-0.813791548,4.283600696,0.51244403,,-0.783,5.374,31.563,C_R2,0.882343129,5.508184015,2.384208452,5.328193197,3.71044403
,,,,,,,,,,,,,,,,,,,,,,,,,,,,,,,,,,,,,,,,,,,,
119,2.983,-0.504,0.742,32.907,0.373622092,,3.728336571,-0.720111344,1.458466789,36.15597722,1.543072661,-2.287950424,1.292362584,-0.987130204,,2.004,-2.117,34.393,H_,1.425109601,3.177174787,-0.524973205,3.404430768,0.775847015,,-4.8,-0.923,35.158,H_,0.913069358,4.473443791,-1.289973205,4.435433254,0.010847015,,2.447,4.792,37.629,H_,0.803413695,5.626017003,-3.760973205,5.472339298,-2.460152985
119,,,,,,,3.679315642,-1.214744486,2.026943145,36.29185905,2.229994154,-2.423832258,1.97476973,-1.123012038,,-0.705,6.577,33.468,C_R2,1.413828373,6.636982081,0.400026795,6.395990715,1.700847015,,2.447,4.792,37.629,H_,1.120876625,5.626017003,-3.760973205,5.472339298,-2.460152985,,-4.8,-0.923,35.158,H_,0.606887655,4.473443791,-1.289973205,4.435433254,0.010847015
119,,,,,,,2.995887436,1.956420611,1.966760353,34.70433819,3.112921238,-0.836311398,3.039106505,0.464508822,,2.447,4.792,37.629,H_,1.351346284,5.626017003,-3.760973205,5.472339298,-2.460152985,,1.398,6,32.365,C_R1,1.095558883,6.318272195,1.503026795,6.11927539,2.803847015,,2.004,-2.117,34.393,H_,0.694687487,3.177174787,-0.524973205,3.404430768,0.775847015
119,,,,,,,2.983436108,-0.504163048,0.742116449,32.9067222,0.80095727,0.961304597,0.557978967,2.262124817,,-4.484,0.678,31.995,H_,1.334291327,4.137310477,1.873026795,4.009564548,3.173847015,,-0.758,5.186,31.45,C_R2,1.053577883,5.250926194,2.418026795,5.008258067,3.718847015,,2.004,-2.117,34.393,H_,0.753723444,3.177174787,-0.524973205,3.404430768,0.775847015
119,,,,,,,2.712746536,2.015520791,1.422562581,32.97581965,2.840951768,0.892207149,2.808300387,2.193027368,,3.465,5.135,31.55,O_R,1.459971125,6.476937388,2.318026795,6.345996164,3.618847015,,0.629,5.291,31.368,C_R2,1.325763289,5.444919955,2.500026795,5.231244471,3.800847015,,2.004,-2.117,34.393,H_,0.35585824,3.177174787,-0.524973205,3.404430768,0.775847015
119,,,,,,,2.711403984,1.997324209,1.365816354,32.84485724,2.796192971,1.023169556,2.767276996,2.323989775,,6.339,1.031,32.139,C_R1,1.338093145,6.837426958,1.729026795,6.896162083,3.029847015,,2.004,-2.117,34.393,H_,1.03287579,3.177174787,-0.524973205,3.404430768,0.775847015,,0.629,5.291,31.368,C_R2,0.770623719,5.444919955,2.500026795,5.231244471,3.800847015
,,,,,,,,,,,,,,,,,,,,,,,,,,,,,,,,,,,,,,,,,,,,
120,3.069,-0.087,0.51,32.927,0.384210413,,3.256318056,-0.558400777,0.854661992,34.93413714,0.745446306,-0.856098071,0.529814867,0.471318082,,0.828,-3.25,34.479,H_,1.167284219,3.60044947,-0.400960929,3.838037371,0.926455224,,-4.22,0.923,32.575,H_,1.075079671,3.859891469,1.503039071,3.700118639,2.830455224,,1.559,3.839,37.298,H_,0.899228764,4.226429565,-3.219960929,4.107917782,-1.892544776
120,,,,,,,3.110496712,-1.860459338,1.608904951,36.26734173,2.05587583,-2.189302658,1.821435644,-0.861886505,,-5.207,-0.943,36.138,H_,1.454147479,4.878734598,-2.059960929,4.808643548,-0.732544776,,-5.142,0.448,32.947,C_R2,1.277668457,4.708577419,1.131039071,4.575121621,2.458455224,,1.559,3.839,37.298,H_,0.409776718,4.226429565,-3.219960929,4.107917782,-1.892544776
120,,,,,,,3.104761497,-1.437781145,1.240412692,35.90277026,1.498550566,-1.824731191,1.262408094,-0.497315039,,-3.238,-2.548,36.198,H_,1.404468882,3.861058532,-2.119960929,3.921716251,-0.792544776,,-5.142,0.448,32.947,C_R2,1.158424726,4.708577419,1.131039071,4.575121621,2.458455224,,1.559,3.839,37.298,H_,0.578699045,4.226429565,-3.219960929,4.107917782,-1.892544776
120,,,,,,,3.085787417,-1.736524948,1.324753037,36.71585411,1.767634613,-2.637815042,1.537472563,-1.310398889,,-3.238,-2.548,36.198,H_,1.534678199,3.861058532,-2.119960929,3.921716251,-0.792544776,,-5.207,-0.943,36.138,H_,1.298524557,4.878734598,-2.059960929,4.808643548,-0.732544776,,1.559,3.839,37.298,H_,0.308389898,4.226429565,-3.219960929,4.107917782,-1.892544776
120,,,,,,,3.078200888,-0.098681578,0.614502211,33.18894319,0.605446654,0.889095883,0.55191018,2.216512036,,-4.22,0.923,32.575,H_,1.479062159,3.859891469,1.503039071,3.700118639,2.830455224,,0.349,5.182,31.859,C_R2,0.875858967,5.125978507,2.219039071,4.942960709,3.546455224,,0.828,-3.25,34.479,H_,0.786671528,3.60044947,-0.400960929,3.838037371,0.926455224
120,,,,,,,3.068840876,-0.086688646,0.509605914,32.92724541,0.530880572,1.150793659,0.516017978,2.478209812,,-4.22,0.923,32.575,H_,1.341006221,3.859891469,1.503039071,3.700118639,2.830455224,,0.896,4.284,31.455,H_,0.958017121,4.376616629,2.623039071,4.221253699,3.950455224,,0.828,-3.25,34.479,H_,0.842569311,3.60044947,-0.400960929,3.838037371,0.926455224
120,,,,,,,3.004196782,-0.236707021,0.23434508,36.50658959,0.238644525,-2.428550522,0.343972436,-1.10113437,,1.729,-3.726,34.9,C_R2,1.25793089,4.416084962,-0.821960929,4.657124445,0.505455224,,-3.238,-2.548,36.198,H_,1.212965844,3.861058532,-2.119960929,3.921716251,-0.792544776,,1.559,3.839,37.298,H_,0.67069592,4.226429565,-3.219960929,4.107917782,-1.892544776
120,,,,,,,2.732231408,1.767059337,1.662984254,34.15035575,2.698251146,-0.072316674,2.691718025,1.255099478,,1.559,3.839,37.298,H_,1.430061709,4.226429565,-3.219960929,4.107917782,-1.892544776,,0.349,5.182,31.859,C_R2,0.931965042,5.125978507,2.219039071,4.942960709,3.546455224,,2.945,-1.957,34.591,H_,0.779565902,3.97458525,-0.512960929,4.189533004,0.814455224
120,,,,,,,2.550422043,2.187361678,1.211035521,32.94323903,2.850322637,1.134800037,2.894843141,2.46221619,,6.332,1.395,32.019,C_R1,1.35165291,6.896292731,2.059039071,6.983006766,3.386455224,,2.945,-1.957,34.591,H_,0.977244347,3.97458525,-0.512960929,4.189533004,0.814455224,,0.896,4.284,31.455,H_,0.812695397,4.376616629,2.623039071,4.221253699,3.950455224
,,,,,,,,,,,,,,,,,,,,,,,,,,,,,,,,,,,,,,,,,,,,
121,2.761,-1.457,1.732,34.929,1.005031208,,3.133692486,-0.389474559,0.640361999,33.65550134,0.602622112,0.28275125,0.475418731,1.585170304,,-2.74,-1.617,36.358,H_,1.483165079,2.992827795,-2.419747413,2.915540671,-1.117328358,,1.346,-3.023,34.877,H_,1.088621869,3.467959973,-0.938747413,3.653045417,0.363671642,,-1.508,4.387,32.032,H_,0.569805706,4.511483989,1.906252587,4.35448924,3.208671642
121,,,,,,,2.760667094,-1.45748747,1.732100878,34.92851221,2.064849185,-0.990259627,1.870012558,0.312159427,,1.184,4.382,35.88,H_,1.524655238,4.562604154,-1.941747413,4.514852163,-0.639328358,,-0.995,5.281,32.266,C_R2,1.064085252,5.280278988,1.672252587,5.144644317,2.974671642,,-2.74,-1.617,36.358,H_,0.552852163,2.992827795,-2.419747413,2.915540671,-1.117328358
121,,,,,,,2.682959755,0.406589419,0.480174022,36.25020084,0.788708081,-2.311948254,0.897028457,-1.009529199,,3.421,-2.578,35.372,C_R2,1.174514104,4.521305,-1.433747413,4.732472071,-0.131328358,,-2.74,-1.617,36.358,H_,1.111247906,2.992827795,-2.419747413,2.915540671,-1.117328358,,1.791,4.615,36.694,C_R2,0.855830643,5.000597217,-2.755747413,4.973435781,-1.453328358
121,,,,,,,2.6666006,0.458490082,0.342869969,36.69836888,0.771366826,-2.760116294,0.909653947,-1.457697239,,-2.74,-1.617,36.358,H_,1.196577506,2.992827795,-2.419747413,2.915540671,-1.117328358,,3.421,-2.578,35.372,C_R2,1.0914845,4.521305,-1.433747413,4.732472071,-0.131328358,,1.254,4.425,38.029,C_R2,0.853530647,4.625803408,-4.090747413,4.580354485,-2.788328358
121,,,,,,,2.661604719,-2.392877421,1.378590771,34.10953121,2.514650605,-0.171278621,2.303267752,1.131140434,,-6.608,0.59,33.313,C_R2,1.356353463,6.374485225,0.625252587,6.188463819,1.927671642,,-2.74,-1.617,36.358,H_,1.006126763,2.992827795,-2.419747413,2.915540671,-1.117328358,,-1.508,4.387,32.032,H_,0.779112428,4.511483989,1.906252587,4.35448924,3.208671642
,,,,,,,,,,,,,,,,,,,,,,,,,,,,,,,,,,,,,,,,,,,,
122,3.02,0.023,0.618,36.168,0.078332637,,3.020384881,0.022533507,0.617670959,36.16751912,0.785032931,-2.38138791,0.926497919,-1.062743001,,2.847,-2.366,35.855,H_,1.206733348,3.905454786,-2.06886879,4.159994458,-0.750223881,,-3.509,-1.505,36.157,H_,1.106641515,3.486310691,-2.37086879,3.238048403,-1.052223881,,1.097,5.206,36.441,C_R2,0.828217791,5.480116521,-2.65486879,5.533339694,-1.336223881
122,,,,,,,2.782566553,-1.828350254,1.860626709,35.1966374,2.46048338,-1.410506187,2.269879362,-0.091861278,,-3.962,1.214,32.018,H_,1.377160591,3.863246248,1.76813121,3.581877841,3.086776119,,-3.509,-1.505,36.157,H_,1.069398972,3.486310691,-2.37086879,3.238048403,-1.052223881,,0.431,4.993,35.594,H_,0.69503309,5.13544774,-1.80786879,5.156279784,-0.489223881
,,,,,,,,,,,,,,,,,,,,,,,,,,,,,,,,,,,,,,,,,,,,
123,3.355,-0.479,0.597,36.476,0.038452186,,3.410372637,-0.09731436,-0.108348276,32.49706452,0.129968068,1.338790965,0.321606604,2.640823543,,2.246,-2.874,35.181,H_,1.362597023,3.641761562,-1.345144519,3.822161574,-0.04311194,,4.195,1.038,31.719,H_,1.156290656,4.565919454,2.116855481,4.759310118,3.41888806,,-5.133,0.35,31.757,C_R2,0.622704975,4.956232922,2.078855481,4.739727553,3.38088806
123,,,,,,,3.359122505,-0.205456405,-0.732855555,32.13310967,0.55213032,1.702745813,0.636237076,3.004778392,,2.246,-2.874,35.181,H_,1.537517145,3.641761562,-1.345144519,3.822161574,-0.04311194,,4.196,-1.434,31.994,H_,1.169296856,4.576224237,1.841855481,4.793834052,3.14388806,,-5.133,0.35,31.757,C_R2,0.434778653,4.956232922,2.078855481,4.739727553,3.38088806
123,,,,,,,3.357434624,-0.221109738,-0.849615509,31.86609475,0.669077889,1.969760731,0.743010286,3.271793309,,-5.271,-1.042,31.668,C_R2,1.511327496,5.138430556,2.167855481,4.937404913,3.46988806,,-5.133,0.35,31.757,C_R2,1.482461627,4.956232922,2.078855481,4.739727553,3.38088806,,4.196,-1.434,31.994,H_,0.147803531,4.576224237,1.841855481,4.793834052,3.14388806
123,,,,,,,3.355210477,-0.478751727,0.597201281,36.47608129,0.824599833,-2.640225805,0.732883423,-1.338193226,,4.532,-0.065,36.571,C_R2,1.307993702,4.738677971,-2.735144519,4.950431894,-1.43311194,,1.5,5.247,36.338,C_R2,1.140419025,5.689299534,-2.502144519,5.711800693,-1.20011194,,-3.89,-2.268,36.53,H_,0.693179927,4.234854218,-2.694144519,4.07585561,-1.39211194
123,,,,,,,3.351950989,-0.155021197,-0.509805833,31.80866976,0.332894014,2.027185722,0.459350393,3.329218301,,-4.352,0.862,31.24,H_,2.1400251,4.27582622,2.595855481,4.057953483,3.89788806,,-5.133,0.35,31.757,C_R2,0.906792648,4.956232922,2.078855481,4.739727553,3.38088806,,4.196,-1.434,31.994,H_,0.094774905,4.576224237,1.841855481,4.793834052,3.14388806
123,,,,,,,3.341946629,-0.061654935,-0.226989625,31.61139019,0.150877922,2.224465292,0.368456007,3.52649787,,4.195,1.038,31.719,H_,1.556953156,4.565919454,2.116855481,4.759310118,3.41888806,,4.196,-1.434,31.994,H_,1.300873603,4.576224237,1.841855481,4.793834052,3.14388806,,-4.352,0.862,31.24,H_,0.283765895,4.27582622,2.595855481,4.057953483,3.89788806
123,,,,,,,3.340360465,-1.693875354,1.444344525,35.47532672,2.203817959,-1.639471243,2.028906923,-0.337438665,,-1.134,4.392,32.202,H_,1.452303684,4.666086764,1.633855481,4.581457491,2.93588806,,1.5,5.247,36.338,C_R2,1.125574911,5.689299534,-2.502144519,5.711800693,-1.20011194,,-3.89,-2.268,36.53,H_,0.563714058,4.234854218,-2.694144519,4.07585561,-1.39211194
123,,,,,,,3.322276714,-0.415804126,0.218471221,33.47572821,0.451314412,0.360127272,0.351634563,1.66215985,,-1.134,4.392,32.202,H_,1.268278867,4.666086764,1.633855481,4.581457491,2.93588806,,-5.133,0.35,31.757,C_R2,1.201779682,4.956232922,2.078855481,4.739727553,3.38088806,,2.246,-2.874,35.181,H_,0.671534105,3.641761562,-1.345144519,3.822161574,-0.04311194
123,,,,,,,3.233265428,-1.449744442,1.308982161,36.69595393,1.941122903,-2.860098444,1.773228167,-1.558065866,,1.037,5.47,37.612,C_R2,1.505905621,5.785664834,-3.776144519,5.788979324,-2.47411194,,1.5,5.247,36.338,C_R2,1.486940231,5.689299534,-2.502144519,5.711800693,-1.20011194,,-3.89,-2.268,36.53,H_,0.148746801,4.234854218,-2.694144519,4.07585561,-1.39211194
123,,,,,,,3.221154907,-1.717069397,1.42789378,37.06955675,2.207534545,-3.233701272,2.030900514,-1.931668694,,-2.784,5.487,38.098,H_,1.679295175,6.226795774,-4.262144519,6.097892594,-2.96011194,,1.037,5.47,37.612,C_R2,1.034853821,5.785664834,-3.776144519,5.788979324,-2.47411194,,-3.89,-2.268,36.53,H_,0.427443657,4.234854218,-2.694144519,4.07585561,-1.39211194
,,,,,,,,,,,,,,,,,,,,,,,,,,,,,,,,,,,,,,,,,,,,
124,3.442,0.344,0.557,36.783,0.442645698,,3.887766059,-0.273168955,0.879602265,34.37868082,0.986677944,-0.532256972,0.933540845,0.82861396,,2.219,-3.328,35.36,H_,1.149814983,3.967604981,-1.513576155,4.039739298,-0.152705224,,-4.497,0.861,31.726,H_,0.997271353,4.529660723,2.120423845,4.457052835,3.481294776,,2.305,5.307,36.609,C_R2,0.994506318,5.891125462,-2.762576155,5.879444526,-1.401705224
124,,,,,,,3.442123677,0.34402131,0.556658742,36.78294373,0.762479062,-2.936519888,0.766268886,-1.575648957,,2.305,5.307,36.609,C_R2,1.345791734,5.891125462,-2.762576155,5.879444526,-1.401705224,,-2.181,3.956,38.426,H_,1.223535399,4.56073582,-4.579576155,4.4933461,-3.218705224,,2.219,-3.328,35.36,H_,0.572265521,3.967604981,-1.513576155,4.039739298,-0.152705224
,,,,,,,,,,,,,,,,,,,,,,,,,,,,,,,,,,,,,,,,,,,,
125,2.578,1.189,0.983,35.402,0.22560397,,2.577500051,1.188526609,0.982841758,35.40159873,1.445180612,-1.343348545,1.448663031,-0.045983056,,4.843,1.028,35.81,H_,1.280898478,4.813290471,-1.751749818,4.782672322,-0.454384328,,1.344,-2.622,34.691,H_,1.079554255,2.868600939,-0.632749818,2.80824483,0.664615672,,-0.943,3.957,35.769,H_,0.78113992,4.119389571,-1.710749818,4.176046282,-0.413384328
125,,,,,,,2.513472787,-0.45858473,0.381181699,35.57912924,0.722165959,-1.520879062,0.783456423,-0.223513572,,-3.227,-1.411,37.056,H_,1.347861399,3.648462991,-2.997749818,3.669898841,-1.700384328,,1.344,-2.622,34.691,H_,0.973085445,2.868600939,-0.632749818,2.80824483,0.664615672,,-0.943,3.957,35.769,H_,0.82064581,4.119389571,-1.710749818,4.176046282,-0.413384328
,,,,,,,,,,,,,,,,,,,,,,,,,,,,,,,,,,,,,,,,,,,,
126,2.681,-0.658,0.173,35.106,0.377017114,,2.89171619,-0.31941427,-0.013221882,36.6265518,0.50125639,-2.577305965,0.448947269,-1.349585377,,-0.698,4.493,35.83,C_R2,1.225403779,4.488706272,-1.780754169,4.478903891,-0.553033582,,3.439,0.638,37.803,H_,1.16606583,3.3134997,-3.753754169,3.366328672,-2.526033582,,-3.745,-2.985,35.907,C_R2,0.750123045,4.978769182,-1.857754169,4.936625666,-0.630033582
126,,,,,,,2.887159287,-0.443865238,-0.139379101,37.33772755,0.656238214,-3.288481714,0.606266876,-2.060761127,,-3.745,-2.985,35.907,C_R2,1.298883201,4.978769182,-1.857754169,4.936625666,-0.630033582,,-4.855,1.037,37.785,C_R2,1.283184801,5.114823728,-3.735754169,5.062294053,-2.508033582,,3.439,0.638,37.803,H_,0.559524651,3.3134997,-3.753754169,3.366328672,-2.526033582
126,,,,,,,2.680570283,-0.65771233,0.1728162,35.10627019,0.833165322,-1.057024355,0.779966903,0.170696232,,2.668,-0.972,33.72,H_,1.292020189,2.712937222,0.329245831,2.762167445,1.556966418,,-2.807,-2.926,35.372,H_,0.998531082,4.238137983,-1.322754169,4.200519859,-0.095033582,,-0.698,4.493,35.83,C_R2,0.851041383,4.488706272,-1.780754169,4.478903891,-0.553033582
126,,,,,,,2.080178562,1.543243439,1.985863766,33.40456331,2.340821428,0.644682521,2.372788927,1.872403108,,-0.249,4.154,34.888,H_,1.265443307,4.086402369,-0.838754169,4.08150238,0.388966418,,1.465,4.558,31.536,H_,1.238492495,4.65224406,2.513245831,4.66765541,3.740966418,,2.668,-0.972,33.72,H_,0.637656852,2.712937222,0.329245831,2.762167445,1.556966418
126,,,,,,,1.938655519,2.235484443,1.80096321,32.55508254,2.681596984,1.494163292,2.723167102,2.721883879,,5.082,1.511,31.532,H_,1.510134434,5.112412955,2.517245831,5.163908595,3.744966418,,2.668,-0.972,33.72,H_,0.891795518,2.712937222,0.329245831,2.762167445,1.556966418,,1.465,4.558,31.536,H_,0.739662701,4.65224406,2.513245831,4.66765541,3.740966418
126,,,,,,,1.912388851,1.350710938,1.643921491,34.42440817,1.951429753,-0.375162339,1.984433903,0.852558248,,4.212,2.197,36.559,C_R2,1.335687631,4.557431641,-2.509754169,4.60506322,-1.282033582,,2.668,-0.972,33.72,H_,0.984507231,2.712937222,0.329245831,2.762167445,1.556966418,,-0.249,4.154,34.888,H_,0.821397792,4.086402369,-0.838754169,4.08150238,0.388966418
,,,,,,,,,,,,,,,,,,,,,,,,,,,,,,,,,,,,,,,,,,,,
127,1.936,0.111,1.114,34.888,0.268073592,,1.936218634,0.111163275,1.114130584,34.88834351,0.822257728,-1.083948004,0.865364557,0.140652758,,3.089,1.689,35.032,H_,1.179878282,3.313170859,-1.227604493,3.330648242,-0.003003731,,-1.173,4.393,35.795,C_R2,1.048718437,4.289209804,-1.990604493,4.330796275,-0.766003731,,-1.535,-1.348,34.22,H_,0.912995935,2.305154895,-0.415604493,2.275393215,0.808996269
127,,,,,,,1.904061633,0.127680053,0.887898124,35.34278267,0.597151504,-1.538387158,0.640136693,-0.313786397,,-0.59,4.02,36.975,C_R2,1.238789421,3.788250214,-3.170604493,3.830912909,-1.946003731,,3.453,2.148,35.929,C_R2,1.149712795,3.84573013,-2.124604493,3.865826306,-0.900003731,,-1.535,-1.348,34.22,H_,0.753090437,2.305154895,-0.415604493,2.275393215,0.808996269
127,,,,,,,1.709753288,0.928975788,-0.064825611,34.64071409,0.916780508,-0.836318579,0.8998611,0.388282183,,3.631,-0.731,35.028,H_,1.47079189,3.691070185,-1.223604493,3.678326252,0.000996269,,3.089,1.689,35.032,H_,1.213740546,3.313170859,-1.227604493,3.330648242,-0.003003731,,-1.535,-1.348,34.22,H_,0.457060217,2.305154895,-0.415604493,2.275393215,0.808996269
,,,,,,,,,,,,,,,,,,,,,,,,,,,,,,,,,,,,,,,,,,,,
128,2.355,-0.066,0.738,34.486,0.370387346,,2.358024864,-0.131405037,0.691861373,34.73042381,0.327455651,-0.994155314,0.401287817,0.219277681,,2.938,-0.862,35.08,H_,1.242209286,3.119504124,-1.343731503,3.039285645,-0.130298507,,-2.344,-2.627,33.984,C_R2,1.081826076,3.978422286,-0.247731503,4.042800289,0.965701493,,-1.243,4.587,34.975,C_R2,0.817557292,4.319174737,-1.238731503,4.342428638,-0.025298507
128,,,,,,,2.354945491,-0.066135792,0.737565364,34.48568768,0.313361754,-0.749419179,0.373028378,0.464013816,,-1.759,-2.042,33.326,H_,1.189266265,3.158024067,0.410268497,3.220506049,1.623701493,,2.938,-0.862,35.08,H_,1.182595823,3.119504124,-1.343731503,3.039285645,-0.130298507,,-1.243,4.587,34.975,C_R2,0.769730565,4.319174737,-1.238731503,4.342428638,-0.025298507
,,,,,,,,,,,,,,,,,,,,,,,,,,,,,,,,,,,,,,,,,,,,
129,2.513,0.45,0.865,34.685,0.391219078,,2.621614009,0.567632465,1.222391071,33.1413484,0.91543854,0.446272292,0.846910248,1.693021004,,3.703,-0.734,33.58,H_,1.360930868,3.830990935,0.007620691,3.843086487,1.254369403,,-1.521,-1.851,33.347,H_,0.97917229,2.800581833,0.240620691,2.869332256,1.487369403,,1.224,4.867,32.772,H_,0.801489495,4.558516889,0.815620691,4.483219698,2.062369403
129,,,,,,,2.51261131,0.449583524,0.864926681,34.68547051,0.560953879,-1.097849821,0.500167399,0.148898891,,-1.291,3.898,35.592,H_,1.288002726,3.695810258,-2.004379309,3.631184828,-0.757630597,,4.438,1.82,35.648,C_R2,0.935652144,4.582317416,-2.060379309,4.548750664,-0.813630597,,-1.521,-1.851,33.347,H_,0.917937784,2.800581833,0.240620691,2.869332256,1.487369403
129,,,,,,,2.216899342,-1.682754617,1.449061353,33.05502096,2.006534395,0.532599729,1.981856436,1.779348441,,-3.777,-1.058,33.63,H_,1.463030717,4.128285373,-0.042379309,4.167799786,1.204369403,,-1.521,-1.851,33.347,H_,1.307087256,2.800581833,0.240620691,2.869332256,1.487369403,,-1.141,4.697,32.656,H_,0.371474681,4.405619173,0.931620691,4.337400127,2.178369403
129,,,,,,,2.215759584,-1.341496537,1.459896775,33.34536599,1.724256222,0.242254702,1.692483926,1.489003414,,-1.291,3.898,35.592,H_,1.466256146,3.695810258,-2.004379309,3.631184828,-0.757630597,,-1.141,4.697,32.656,H_,1.198024912,4.405619173,0.931620691,4.337400127,2.178369403,,-1.521,-1.851,33.347,H_,0.477311596,2.800581833,0.240620691,2.869332256,1.487369403
,,,,,,,,,,,,,,,,,,,,,,,,,,,,,,,,,,,,,,,,,,,,
130,3.019,-0.429,1.319,35.891,0.412811066,,3.155111779,-0.577339339,0.903477484,37.14767541,0.706931812,-3.381988048,0.540598299,-2.19291422,,-1.265,5.1,37.297,H_,1.334740522,4.883271686,-3.531312634,4.73093643,-2.342238806,,4.237,1.192,36.59,C_R2,0.948492629,4.457574694,-2.824312634,4.532347126,-1.635238806,,-3.947,-1.671,37.499,H_,0.858359502,4.309324177,-3.733312634,4.287246481,-2.544238806
130,,,,,,,3.11169499,-0.22841016,1.702169132,32.40416885,1.356962903,1.361518515,1.220632109,2.550592343,,3.189,-0.749,32.631,H_,1.213951905,3.505081281,1.134687366,3.642492445,2.323761194,,-3,-1.264,33.526,H_,1.146731919,3.283087112,0.239687366,3.266251425,1.428761194,,-0.485,6.356,31.209,C_R2,0.78090883,6.01780785,2.556687366,5.879549161,3.745761194
130,,,,,,,3.034043061,-0.376095673,1.456316594,35.55811175,1.133102533,-1.79242438,0.984279634,-0.603350552,,-1.265,5.1,37.297,H_,1.208859245,4.883271686,-3.531312634,4.73093643,-2.342238806,,4.318,2.066,35.488,C_R2,1.121928147,4.777512769,-1.722312634,4.824891299,-0.533238806,,-2.881,-2.262,34.038,C_R2,0.810805261,3.7849534,-0.272312634,3.808636493,0.916761194
130,,,,,,,3.019457884,-0.428721196,1.319175667,35.89131925,1.013107044,-2.125631881,0.85873617,-0.936558053,,-1.265,5.1,37.297,H_,1.16133192,4.883271686,-3.531312634,4.73093643,-2.342238806,,4.237,1.192,36.59,C_R2,1.134054569,4.457574694,-2.824312634,4.532347126,-1.635238806,,-2.881,-2.262,34.038,C_R2,0.846206164,3.7849534,-0.272312634,3.808636493,0.916761194
,,,,,,,,,,,,,,,,,,,,,,,,,,,,,,,,,,,,,,,,,,,,
131,2.68,-0.86,1.321,32.744,0.359024128,,2.834821407,-0.922780526,1.061903833,34.25609581,1.141346383,-0.475850203,1.011087701,0.818661656,,-3.152,-1.876,35.628,H_,1.216585038,3.648450577,-1.847754395,3.68505387,-0.553242537,,2.393,-1.896,33.35,C_R2,1.109096989,3.311461455,0.430245605,3.434726391,1.724757463,,-1.139,4.957,33.742,H_,0.815910627,4.844377492,0.038245605,4.705412587,1.332757463
131,,,,,,,2.775600716,-2.278441523,1.894660406,35.8262337,2.704742974,-2.0459881,2.584518869,-0.751476242,,-1.139,4.957,33.742,H_,1.313116668,4.844377492,0.038245605,4.705412587,1.332757463,,-1.881,5.161,37.874,H_,1.25536975,5.239094899,-4.093754395,5.098303376,-2.799242537,,-3.152,-1.876,35.628,H_,0.573106235,3.648450577,-1.847754395,3.68505387,-0.553242537
131,,,,,,,2.682553711,-0.818223319,1.368700764,32.55068256,1.330229299,1.229563043,1.191186518,2.524074901,,-4.547,1.491,31.927,H_,1.213747233,4.569079881,1.853245605,4.485373678,3.147757463,,-0.698,5.703,33.188,C_R2,1.099323532,5.516766953,0.592245605,5.381049834,1.886757463,,1.934,-1.224,32.655,H_,0.828521888,2.539720005,1.125245605,2.6568282,2.419757463
131,,,,,,,2.680464004,-0.859688448,1.321457974,32.74363768,1.311016988,1.036607924,1.173218066,2.331119782,,-1.139,4.957,33.742,H_,1.206342932,4.844377492,0.038245605,4.705412587,1.332757463,,-4.547,1.491,31.927,H_,1.178939854,4.569079881,1.853245605,4.485373678,3.147757463,,1.934,-1.224,32.655,H_,0.756309867,2.539720005,1.125245605,2.6568282,2.419757463
131,,,,,,,2.165298093,-1.32169823,-1.164626374,32.41194559,1.801375435,1.368300012,1.873589249,2.66281187,,-1.236,-3.365,34.823,H_,1.550763316,3.73566969,-1.042754395,3.848147789,0.251757463,,1.934,-1.224,32.655,H_,0.852190971,2.539720005,1.125245605,2.6568282,2.419757463,,-4.566,-1.017,32.073,H_,0.738638367,4.573901691,1.707245605,4.562971446,3.001757463
131,,,,,,,2.018509789,1.960844784,1.793305526,33.52199318,2.645533801,0.258252422,2.610772294,1.55276428,,3.595,-1.521,33.937,C_R2,1.498851437,4.136220037,-0.156754395,4.23817631,1.137757463,,2.393,-1.896,33.35,C_R2,1.438279586,3.311461455,0.430245605,3.434726391,1.724757463,,1.26,4.832,33.506,H_,0.204461631,4.832966896,0.274245605,4.722789028,1.568757463
,,,,,,,,,,,,,,,,,,,,,,,,,,,,,,,,,,,,,,,,,,,,
132,3.332,-1.306,1.219,32.837,0.290063382,,3.521383472,-1.600203632,1.239529174,35.23536393,1.9446578,-1.33702562,1.826637976,-0.034319151,,-1.264,5.027,37.862,H_,1.087375825,5.242512411,-3.963661693,5.167270145,-2.660955224,,-6.46,0.477,33.485,C_R2,1.039796472,6.291294817,0.413338307,6.175174285,1.716044776,,1.752,-1.731,34.097,H_,1.014420356,2.536897608,-0.198661693,2.657784206,1.104044776
132,,,,,,,3.331693829,-1.306068233,1.218602636,32.83685192,1.728046018,1.061486382,1.615255966,2.364192851,,-3.218,5.471,31.495,O_R,1.415234309,6.342843099,2.403338307,6.242067782,3.706044776,,-5.496,3.305,31.56,O_R,1.381316825,6.302735951,2.338338307,6.179292112,3.641044776,,1.752,-1.731,34.097,H_,0.34504152,2.536897608,-0.198661693,2.657784206,1.104044776
132,,,,,,,3.25509384,-0.559329801,1.738339283,32.83672945,1.879364943,1.061608853,1.806941722,2.364315323,,-0.374,6.301,30.913,C_R2,1.478600912,6.408997509,2.985338307,6.352307711,4.288044776,,-3.218,5.471,31.495,O_R,1.327402247,6.342843099,2.403338307,6.242067782,3.706044776,,1.752,-1.731,34.097,H_,0.335589495,2.536897608,-0.198661693,2.657784206,1.104044776
132,,,,,,,2.862969229,-2.07375629,-0.738200102,33.80879471,1.981732886,0.089543595,1.895306243,1.392250064,,-6.61,-0.919,33.35,C_R2,1.55216917,6.465647504,0.548338307,6.3620595,1.851044776,,-6.46,0.477,33.485,C_R2,1.423245239,6.291294817,0.413338307,6.175174285,1.716044776,,1.752,-1.731,34.097,H_,0.166178244,2.536897608,-0.198661693,2.657784206,1.104044776
132,,,,,,,2.821858657,-2.138979507,-1.524225673,33.65146866,2.406022908,0.246869652,2.350545546,1.549576121,,-0.982,-5.388,31.607,C_R2,1.432647395,5.34067764,2.291338307,5.379502109,3.594044776,,1.752,-1.731,34.097,H_,1.051951183,2.536897608,-0.198661693,2.657784206,1.104044776,,-6.61,-0.919,33.35,C_R2,0.656994075,6.465647504,0.548338307,6.3620595,1.851044776
132,,,,,,,2.408701349,1.718836407,1.446527842,35.58468348,2.464632742,-1.686345177,2.519573153,-0.383638708,,1.752,-1.731,34.097,H_,2.028865797,2.536897608,-0.198661693,2.657784206,1.104044776,,2.236,-2.526,34.672,C_R2,0.98265303,3.431042276,-0.773661693,3.548929098,0.529044776,,1.675,4.632,37.055,H_,0.130073826,5.093496773,-3.156661693,5.085288519,-1.853955224
,,,,,,,,,,,,,,,,,,,,,,,,,,,,,,,,,,,,,,,,,,,,
133,3.047,-0.336,0.565,33.375,0.393310098,,3.45503991,-1.013581824,0.808926897,35.45473814,1.316195153,-1.549500243,1.243857111,-0.226361275,,-4.339,0.893,32.343,H_,1.226124326,4.224080057,1.562237897,4.024739774,2.885376866,,-2.604,3.948,38.347,H_,1.046610563,4.828307151,-4.441762103,4.761860976,-3.118623134,,2.529,-2.004,34.92,H_,0.868857764,3.295188151,-1.014762103,3.465757583,0.308376866
133,,,,,,,3.046816298,-0.335958811,0.565004924,33.37458416,0.852360382,0.530653738,0.9059075,1.853792706,,-4.339,0.893,32.343,H_,1.281485699,4.224080057,1.562237897,4.024739774,2.885376866,,-1.167,4.342,31.878,H_,1.256314194,4.711421911,2.027237897,4.71433242,3.350376866,,2.529,-2.004,34.92,H_,0.603792761,3.295188151,-1.014762103,3.465757583,0.308376866
133,,,,,,,2.574383997,-0.91083247,-1.855070342,33.63685142,1.690414247,0.268386482,1.58312673,1.59152545,,-0.802,-5.601,31.581,C_R2,1.398115122,5.340616808,2.324237897,5.284109957,3.647376866,,-4.37,-1.542,32.438,H_,0.919656941,4.276015406,1.467237897,4.053785157,2.790376866,,2.529,-2.004,34.92,H_,0.823820591,3.295188151,-1.014762103,3.465757583,0.308376866
,,,,,,,,,,,,,,,,,,,,,,,,,,,,,,,,,,,,,,,,,,,,
134,3.052,-1.773,-0.19,32.862,0.373112691,,3.051618501,-1.772922003,-0.189850896,32.86181636,1.311883213,0.978995603,1.081517625,2.28692245,,-1.812,3.954,32.611,H_,1.245918018,4.44072105,1.229811959,4.344220651,2.537738806,,-6.163,-0.936,31.204,C_R2,1.019390708,5.737007999,2.636811959,5.513912504,3.944738806,,1.354,-2.566,34.208,H_,0.876283928,2.922960623,-0.367188041,3.095620888,0.940738806
134,,,,,,,2.458079445,1.139431528,0.967458357,34.56655509,2.029756759,-0.725743131,2.196226962,0.582183716,,0.591,3.729,32.391,H_,1.604253377,4.14273746,1.449811959,4.174831243,2.757738806,,1.039,4.916,35.866,C_R2,1.03434881,5.406275595,-2.025188041,5.442423689,-0.717261194,,1.354,-2.566,34.208,H_,0.502990466,2.922960623,-0.367188041,3.095620888,0.940738806
134,,,,,,,2.4350477,1.228708071,0.881420223,34.98011267,2.051195628,-1.139300713,2.226552926,0.168626134,,1.354,-2.566,34.208,H_,1.56788724,2.922960623,-0.367188041,3.095620888,0.940738806,,3.373,-2.654,35.018,C_R2,1.296904695,4.51348108,-1.177188041,4.726568996,0.130738806,,1.039,4.916,35.866,C_R2,0.276800719,5.406275595,-2.025188041,5.442423689,-0.717261194
134,,,,,,,2.211476724,1.256466857,0.590953769,33.2130084,1.927033106,0.627803558,2.120333806,1.935730405,,4.43,0.63,32.268,H_,1.480988409,4.977315786,1.572811959,5.196687351,2.880738806,,1.354,-2.566,34.208,H_,0.840798743,2.922960623,-0.367188041,3.095620888,0.940738806,,0.591,3.729,32.391,H_,0.819805501,4.14273746,1.449811959,4.174831243,2.757738806
,,,,,,,,,,,,,,,,,,,,,,,,,,,,,,,,,,,,,,,,,,,,
135,2.876,-0.253,-0.111,35.901,0.515121341,,3.484722495,-1.325067139,0.560583362,32.7716598,1.182009449,1.070443315,1.029461008,2.343840196,,-6.431,0.547,33.672,C_R2,1.178234374,6.000281869,0.170103119,5.76663532,1.4435,,-0.962,5.456,31.103,C_R2,1.058323905,5.74862254,2.739103119,5.735578085,4.0125,,1.407,-3.053,33.477,H_,0.905034375,3.363905397,0.365103119,3.501029603,1.6385
135,,,,,,,2.92865639,-2.291111091,0.983048037,35.69576923,2.198262289,-1.853666113,2.009988497,-0.580269232,,-3.003,-2.751,37.03,H_,1.278763097,3.531412024,-3.187896881,3.36601397,-1.9145,,-6.431,0.547,33.672,C_R2,1.152450933,6.000281869,0.170103119,5.76663532,1.4435,,0.919,4.312,35.89,C_R2,0.710378624,4.795702868,-2.047896881,4.871728837,-0.7745
135,,,,,,,2.875727546,-0.253203207,-0.111020435,35.90060414,0.284413243,-2.058501018,0.497645569,-0.785104137,,-3.003,-2.751,37.03,H_,1.206003191,3.531412024,-3.187896881,3.36601397,-1.9145,,2.097,-3.607,34.114,C_R2,1.192863442,4.218161347,-0.271896881,4.365587507,1.0015,,0.919,4.312,35.89,C_R2,0.742726021,4.795702868,-2.047896881,4.871728837,-0.7745
,,,,,,,,,,,,,,,,,,,,,,,,,,,,,,,,,,,,,,,,,,,,
136,2.94,-0.549,0.71,34.164,0.27912141,,3.015968197,-0.330814079,0.7048711,33.1550657,0.830744737,0.893715433,0.680072447,2.1978634,,-4.445,0.597,33.1,H_,1.457573184,4.192142289,0.948781137,4.066780209,2.252929104,,-0.882,5.106,31.553,C_R2,0.934233116,5.262302378,2.495781137,5.096779784,3.799929104,,1.617,-2.691,34.426,H_,0.749786354,3.211796571,-0.377218863,3.398050591,0.926929104
136,,,,,,,2.940395289,-0.54886219,0.709766635,34.16404321,0.867444974,-0.11526207,0.691881716,1.188885897,,-4.445,0.597,33.1,H_,1.123467902,4.192142289,0.948781137,4.066780209,2.252929104,,0.627,4.515,34.844,H_,1.053278773,4.735500787,-0.795218863,4.604721553,0.508929104,,1.617,-2.691,34.426,H_,0.964845979,3.211796571,-0.377218863,3.398050591,0.926929104
136,,,,,,,2.779300668,1.106496307,0.98710413,33.30354302,1.80578202,0.745238114,1.799729891,2.049386081,,0.627,4.515,34.844,H_,1.678705252,4.735500787,-0.795218863,4.604721553,0.508929104,,0.539,5.061,31.53,C_R2,1.051082081,5.256672671,2.518781137,5.1208016,3.822929104,,1.617,-2.691,34.426,H_,0.41180532,3.211796571,-0.377218863,3.398050591,0.926929104
,,,,,,,,,,,,,,,,,,,,,,,,,,,,,,,,,,,,,,,,,,,,
137,2.558,-0.468,-0.029,35.362,0.37306194,,2.824013205,-0.568212075,0.493508695,33.92146711,0.746212336,0.044245103,0.579814805,1.292167215,,-3.492,-1.991,34.744,H_,1.356228097,3.824816981,-0.778287784,3.826363998,0.469634328,,2.514,-2.811,34.138,C_R2,0.961747117,3.783990058,-0.172287784,3.945514916,1.075634328,,-1.306,4.3,33.318,H_,0.82361744,4.574043935,0.647712216,4.413265114,1.895634328
137,,,,,,,2.641322235,-1.174373298,0.938427901,34.9550704,1.47566251,-0.989358186,1.314273543,0.258563926,,-1.306,4.3,33.318,H_,1.321206871,4.574043935,0.647712216,4.413265114,1.895634328,,1.911,2.598,36.268,H_,1.143839612,3.417556475,-2.302287784,3.355973462,-1.054365672,,-3.492,-1.991,34.744,H_,0.676546171,3.824816981,-0.778287784,3.826363998,0.469634328
137,,,,,,,2.557726172,-0.467606121,-0.028683358,35.36150774,0.329797136,-1.395795528,0.23659147,-0.147873416,,2.514,-2.811,34.138,C_R2,1.305134725,3.783990058,-0.172287784,3.945514916,1.075634328,,1.911,2.598,36.268,H_,0.945349405,3.417556475,-2.302287784,3.355973462,-1.054365672,,-3.492,-1.991,34.744,H_,0.891108524,3.824816981,-0.778287784,3.826363998,0.469634328
137,,,,,,,2.555114427,-0.423280905,-0.156006857,35.6966504,0.272350798,-1.730938188,0.256136424,-0.483016076,,2.514,-2.811,34.138,C_R2,1.32316515,3.783990058,-0.172287784,3.945514916,1.075634328,,1.911,2.598,36.268,H_,1.003365048,3.417556475,-2.302287784,3.355973462,-1.054365672,,-4.081,-2.328,35.599,C_R2,0.815062456,4.503379845,-1.633287784,4.504640234,-0.385365672
137,,,,,,,2.549131318,-1.068822468,0.511602275,36.55741661,1.116402011,-2.591704392,0.968075606,-1.34378228,,0.8,3.022,38.434,H_,1.414769496,3.289178255,-4.468287784,3.17710447,-3.220365672,,1.911,2.598,36.268,H_,1.407929041,3.417556475,-2.302287784,3.355973462,-1.054365672,,-4.081,-2.328,35.599,C_R2,0.318894117,4.503379845,-1.633287784,4.504640234,-0.385365672
137,,,,,,,2.535585337,-1.212538295,0.742674942,36.13103946,1.370595753,-2.165327248,1.215963029,-0.917405136,,-1.89,4.141,37.231,H_,1.461580218,4.607373385,-3.265287784,4.442044394,-2.017365672,,1.911,2.598,36.268,H_,1.111956867,3.417556475,-2.302287784,3.355973462,-1.054365672,,-4.081,-2.328,35.599,C_R2,0.568055568,4.503379845,-1.633287784,4.504640234,-0.385365672
137,,,,,,,2.488722773,-1.474464569,0.578229855,37.11728836,1.497891311,-3.151576144,1.359307536,-1.903654032,,-1.89,4.141,37.231,H_,1.598732586,4.607373385,-3.265287784,4.442044394,-2.017365672,,0.8,3.022,38.434,H_,1.125728367,3.289178255,-4.468287784,3.17710447,-3.220365672,,-4.081,-2.328,35.599,C_R2,0.417131701,4.503379845,-1.633287784,4.504640234,-0.385365672
,,,,,,,,,,,,,,,,,,,,,,,,,,,,,,,,,,,,,,,,,,,,
138,2.455,0.48,0.566,32.905,0.19850789,,2.871302862,-0.407095856,-0.940527205,37.12009502,1.080648167,-3.289570183,1.169637752,-2.086460687,,2.115,-3.182,34.036,C_R2,1.160524416,3.763763028,-0.205475168,3.791734389,0.997634328,,1.623,2.299,38.195,H_,0.991818916,2.744799101,-4.364475168,2.654806755,-3.161365672,,-3.76,-2.997,37.668,H_,0.989249322,4.901889181,-3.837475168,4.990802205,-2.634365672
138,,,,,,,2.85571565,-0.290450457,-1.101152291,37.54280521,1.178825281,-3.712280375,1.264216519,-2.509170878,,-3.76,-2.997,37.668,H_,1.518963835,4.901889181,-3.837475168,4.990802205,-2.634365672,,-1.844,-4.656,36.77,H_,1.275855581,5.056608545,-2.939475168,5.143079071,-1.736365672,,1.623,2.299,38.195,H_,0.346773238,2.744799101,-4.364475168,2.654806755,-3.161365672
138,,,,,,,2.850435535,-0.100020135,-1.181313555,37.47073479,1.206502321,-3.640209963,1.285621508,-2.437100466,,2.115,-3.182,34.036,C_R2,1.419265985,3.763763028,-0.205475168,3.791734389,0.997634328,,-1.844,-4.656,36.77,H_,1.041288319,5.056608545,-2.939475168,5.143079071,-1.736365672,,1.623,2.299,38.195,H_,0.681038349,2.744799101,-4.364475168,2.654806755,-3.161365672
138,,,,,,,2.777178729,-1.620902381,0.236626953,37.68880868,1.75050805,-3.85828385,1.80156433,-2.655174353,,1.623,2.299,38.195,H_,1.357233132,2.744799101,-4.364475168,2.654806755,-3.161365672,,-1.857,4.636,36.892,C_R2,1.210702117,5.032213793,-3.061475168,4.992606102,-1.858365672,,-3.76,-2.997,37.668,H_,0.573657404,4.901889181,-3.837475168,4.990802205,-2.634365672
138,,,,,,,2.757096876,-1.123006004,-0.220995719,37.20188928,1.257999566,-3.371364444,1.329733584,-2.168254947,,-3.76,-2.997,37.668,H_,1.438422344,4.901889181,-3.837475168,4.990802205,-2.634365672,,-3.68,-2,34.014,C_R2,1.214896746,4.291976776,-0.183475168,4.376506192,1.019634328,,1.623,2.299,38.195,H_,0.488273564,2.744799101,-4.364475168,2.654806755,-3.161365672
138,,,,,,,2.646004787,-0.220802153,0.822319991,34.96715948,0.882448337,-1.136634651,0.84499922,0.066474846,,-1.146,4.269,36.106,H_,1.327950486,4.445414079,-2.275475168,4.396733551,-1.072365672,,3.122,2.153,36.01,H_,1.177880088,3.695351985,-2.179475168,3.60732797,-0.976365672,,-2.558,-2.468,33.355,C_R2,0.63576208,3.641712447,0.475524832,3.73186513,1.678634328
138,,,,,,,2.636387406,-0.63805352,0.583015886,35.76526208,0.948188228,-1.934737251,0.95740271,-0.731627755,,-1.146,4.269,36.106,H_,1.4482279,4.445414079,-2.275475168,4.396733551,-1.072365672,,1.623,2.299,38.195,H_,1.174010741,2.744799101,-4.364475168,2.654806755,-3.161365672,,-2.558,-2.468,33.355,C_R2,0.519354013,3.641712447,0.475524832,3.73186513,1.678634328
138,,,,,,,2.609435927,-0.655893653,0.218134853,36.13670973,0.79892003,-2.306184894,0.84156081,-1.103075398,,-2.558,-2.468,33.355,C_R2,1.504619727,3.641712447,0.475524832,3.73186513,1.678634328,,-3.68,-2,34.014,C_R2,1.46374687,4.291976776,-0.183475168,4.376506192,1.019634328,,1.623,2.299,38.195,H_,0.173226056,2.744799101,-4.364475168,2.654806755,-3.161365672
138,,,,,,,2.607839964,-0.947419688,0.475874823,36.2412256,1.161092356,-2.410700766,1.190374485,-1.207591269,,-1.857,4.636,36.892,C_R2,1.404686429,5.032213793,-3.061475168,4.992606102,-1.858365672,,1.623,2.299,38.195,H_,1.165507118,2.744799101,-4.364475168,2.654806755,-3.161365672,,-3.68,-2,34.014,C_R2,0.571399106,4.291976776,-0.183475168,4.376506192,1.019634328
138,,,,,,,2.595292982,-0.117178087,-0.028083875,35.91209591,0.234018098,-2.081571079,0.308276192,-0.878461582,,2.115,-3.182,34.036,C_R2,1.468010367,3.763763028,-0.205475168,3.791734389,0.997634328,,-2.558,-2.468,33.355,C_R2,1.035602006,3.641712447,0.475524832,3.73186513,1.678634328,,1.623,2.299,38.195,H_,0.637980281,2.744799101,-4.364475168,2.654806755,-3.161365672
138,,,,,,,2.455095359,0.48036085,0.565870046,32.90469007,0.668902221,0.925834758,0.579037661,2.128944255,,-2.148,-1.809,32.604,H_,1.323800171,2.900414664,1.226524832,2.989635249,2.429634328,,1.387,-2.844,33.34,H_,1.261211858,3.121234495,0.490524832,3.161143273,1.693634328,,1.283,4.027,32.782,H_,0.556580624,4.187392499,1.048524832,4.104916438,2.251634328
138,,,,,,,1.89168605,-1.878890658,1.170557502,32.6023635,2.308506781,1.228161336,2.32643825,2.431270832,,-4.368,0.995,30.952,H_,1.520794817,4.590159007,2.878524832,4.633658478,4.081634328,,-2.148,-1.809,32.604,H_,0.902088892,2.900414664,1.226524832,2.989635249,2.429634328,,-1.364,4.113,32.767,H_,0.718708945,4.364976365,1.063524832,4.320858674,2.266634328
,,,,,,,,,,,,,,,,,,,,,,,,,,,,,,,,,,,,,,,,,,,,
139,2.688,-0.255,1.448,35.089,0.366258598,,2.92619957,0.537514581,1.249207694,32.13802722,0.976319332,1.587556552,0.855463815,2.843674273,,1.454,5.1,31.402,H_,1.299732561,4.92841698,2.323583772,4.81189206,3.579701493,,4.551,1.345,31.833,H_,1.189795071,4.472891794,1.892583772,4.368568725,3.148701493,,-2.825,-0.879,32.75,H_,0.652065022,3.253681747,0.975583772,3.369776482,2.231701493
139,,,,,,,2.884924695,0.382807375,1.484483776,32.69049277,1.164473371,1.035091003,1.055750276,2.291208724,,-2.825,-0.879,32.75,H_,1.280988061,3.253681747,0.975583772,3.369776482,2.231701493,,1.502,-1.862,34.542,H_,1.216548908,2.55756344,-0.816416228,2.601560063,0.439701493,,1.454,5.1,31.402,H_,0.644055685,4.92841698,2.323583772,4.81189206,3.579701493
139,,,,,,,2.87816819,0.288187603,1.587388951,32.97541215,1.25546494,0.750171618,1.153530409,2.006289339,,-2.825,-0.879,32.75,H_,1.369575473,3.253681747,0.975583772,3.369776482,2.231701493,,1.502,-1.862,34.542,H_,1.173997652,2.55756344,-0.816416228,2.601560063,0.439701493,,0.887,5.948,31.716,C_R2,0.598019529,5.655182784,2.009583772,5.54757459,3.265701493
139,,,,,,,2.864592372,0.69797691,1.975876436,33.95698375,1.716193584,-0.231399982,1.598016783,1.024717739,,-1.056,5.333,35.128,H_,1.487095559,5.15134063,-1.402416228,5.077604594,-0.146298507,,0.887,5.948,31.716,C_R2,1.158923969,5.655182784,2.009583772,5.54757459,3.265701493,,1.502,-1.862,34.542,H_,0.495573126,2.55756344,-0.816416228,2.601560063,0.439701493
139,,,,,,,2.687508573,-0.255453577,1.448136499,35.08933397,1.199806938,-1.363750199,1.146202263,-0.107632478,,-2.985,-1.607,33.519,C_R2,1.382527655,3.725085762,0.206583772,3.84911388,1.462701493,,1.502,-1.862,34.542,H_,1.169942819,2.55756344,-0.816416228,2.601560063,0.439701493,,-1.665,5.514,35.945,C_R2,0.58912218,5.501904955,-2.219416228,5.439172854,-0.963298507
139,,,,,,,2.089948244,-2.029319064,2.097199483,31.92241418,2.8362978,1.803169591,2.844745904,3.059287312,,-4.835,1.424,30.562,H_,1.521963011,5.144978837,3.163583772,5.208468448,4.419701493,,-2.825,-0.879,32.75,H_,0.989537825,3.253681747,0.975583772,3.369776482,2.231701493,,-0.975,5.035,31.264,H_,0.630091818,4.842596707,2.461583772,4.768792402,3.717701493
,,,,,,,,,,,,,,,,,,,,,,,,,,,,,,,,,,,,,,,,,,,,
140,2.593,-0.511,1.111,33.166,0.645827926,,3.031266717,0.882153476,1.614696879,36.45282189,1.592552925,-2.815862694,1.453993389,-1.567463678,,-3.841,1.606,36.176,C_R2,1.132887917,4.188827603,-2.539040807,4.236368622,-1.290641791,,2.151,5.22,38.021,H_,1.082747597,5.399092481,-4.384040807,5.264105634,-3.135641791,,3.01,-2.331,34.94,C_R2,0.92595714,3.861189138,-1.303040807,3.871549625,-0.054641791
140,,,,,,,3.019717938,0.933507047,1.480590714,36.79356162,1.50400877,-3.156602423,1.364048426,-1.908203406,,-3.717,1.039,37.467,C_R2,1.139372796,3.915586475,-3.830040807,3.979462223,-2.581641791,,2.151,5.22,38.021,H_,1.074136041,5.399092481,-4.384040807,5.264105634,-3.135641791,,3.01,-2.331,34.94,C_R2,0.928083816,3.861189138,-1.303040807,3.871549625,-0.054641791
140,,,,,,,2.977835959,1.28069782,1.936440105,35.76499587,2.075907994,-2.128036675,1.935692364,-0.879637659,,2.151,5.22,38.021,H_,1.621032268,5.399092481,-4.384040807,5.264105634,-3.135641791,,-1.17,5.918,35.918,C_R2,1.077417614,5.839799909,-2.281040807,5.752104611,-1.032641791,,3.01,-2.331,34.94,C_R2,0.443142772,3.861189138,-1.303040807,3.871549625,-0.054641791
140,,,,,,,2.963162575,1.507049384,2.126612119,35.46648065,2.361861679,-1.829521453,2.221382448,-0.581122437,,2.151,5.22,38.021,H_,1.610635753,5.399092481,-4.384040807,5.264105634,-3.135641791,,-1.17,5.918,35.918,C_R2,1.053881375,5.839799909,-2.281040807,5.752104611,-1.032641791,,3.329,-1.385,34.54,H_,0.477075525,3.595347206,-0.903040807,3.569612978,0.345358209
140,,,,,,,2.954963068,0.96993208,1.8604364,35.12708313,1.850575929,-1.490123939,1.712583204,-0.241724922,,1.005,-2.09,34.213,H_,1.515444641,2.477192986,-0.576040807,2.551813139,0.672358209,,3.329,-1.385,34.54,H_,1.340647713,3.595347206,-0.903040807,3.569612978,0.345358209,,-1.17,5.918,35.918,C_R2,0.285500299,5.839799909,-2.281040807,5.752104611,-1.032641791
140,,,,,,,2.952938028,1.046572406,1.869115892,35.33218729,1.894869525,-1.695228093,1.756019481,-0.446829077,,3.329,-1.385,34.54,H_,2.125648657,3.595347206,-0.903040807,3.569612978,0.345358209,,3.01,-2.331,34.94,C_R2,0.917481504,3.861189138,-1.303040807,3.871549625,-0.054641791,,-1.17,5.918,35.918,C_R2,0.098462493,5.839799909,-2.281040807,5.752104611,-1.032641791
140,,,,,,,2.949810025,0.883267265,1.777254122,35.40903007,1.737118444,-1.77207088,1.59979175,-0.523671864,,1.005,-2.09,34.213,H_,1.852311361,2.477192986,-0.576040807,2.551813139,0.672358209,,3.01,-2.331,34.94,C_R2,1.065702888,3.861189138,-1.303040807,3.871549625,-0.054641791,,-1.17,5.918,35.918,C_R2,0.223578405,5.839799909,-2.281040807,5.752104611,-1.032641791
140,,,,,,,2.944485601,1.25570655,2.040420155,35.1108019,2.149239665,-1.473842704,2.009503714,-0.225443688,,1.462,4.579,31.969,H_,1.653324318,4.562576297,1.667959193,4.43160251,2.916358209,,-1.17,5.918,35.918,C_R2,0.887030625,5.839799909,-2.281040807,5.752104611,-1.032641791,,3.329,-1.385,34.54,H_,0.601237711,3.595347206,-0.903040807,3.569612978,0.345358209
140,,,,,,,2.593464758,-0.511436697,1.110921316,33.1660022,1.086899426,0.470956991,1.054856863,1.719356008,,-3.376,-1.208,33.408,H_,1.437024143,3.769366995,0.228959193,3.892269539,1.477358209,,1.005,-2.09,34.213,H_,1.042548966,2.477192986,-0.576040807,2.551813139,0.672358209,,-1.092,4.617,32.16,H_,0.662019545,4.558236156,1.476959193,4.476039436,2.725358209
140,,,,,,,2.593705823,-0.459058024,1.214166033,33.44979384,1.145973792,0.187165348,1.101230908,1.435564364,,-3.629,1.079,35.341,H_,1.436540054,3.838320127,-1.704040807,3.900368142,-0.455641791,,-1.092,4.617,32.16,H_,0.886911182,4.558236156,1.476959193,4.476039436,2.725358209,,1.005,-2.09,34.213,H_,0.818141418,2.477192986,-0.576040807,2.551813139,0.672358209
140,,,,,,,2.570618892,0.217068753,1.331700959,33.14315424,1.115964094,0.493804953,1.00068113,1.742203969,,1.462,4.579,31.969,H_,1.496404612,4.562576297,1.667959193,4.43160251,2.916358209,,-1.092,4.617,32.16,H_,1.288782813,4.558236156,1.476959193,4.476039436,2.725358209,,1.005,-2.09,34.213,H_,0.356405228,2.477192986,-0.576040807,2.551813139,0.672358209
140,,,,,,,2.431745746,1.435538176,1.247190249,33.14014114,1.674857902,0.496818053,1.538855999,1.74521707,,3.329,-1.385,34.54,H_,1.511883174,3.595347206,-0.903040807,3.569612978,0.345358209,,1.005,-2.09,34.213,H_,1.275419892,2.477192986,-0.576040807,2.551813139,0.672358209,,1.462,4.579,31.969,H_,0.354289588,4.562576297,1.667959193,4.43160251,2.916358209
,,,,,,,,,,,,,,,,,,,,,,,,,,,,,,,,,,,,,,,,,,,,
141,2.652,0.497,1.673,35.906,0.513838097,,2.870506143,-0.841755284,1.656751892,32.40579679,1.781690681,1.306988699,1.735058515,2.537001715,,2.16,-0.806,33.236,H_,1.493649022,2.129768166,0.476785492,2.152127309,1.706798507,,-2.153,-1.942,33.452,H_,1.095648407,3.414684726,0.260785492,3.55192258,1.490798507,,-0.346,6.011,31.108,C_R2,0.552295224,5.702217532,2.604785492,5.580129366,3.834798507
141,,,,,,,2.75770871,-0.394016978,2.085128737,33.2190178,1.893502846,0.493767693,1.802810107,1.723780709,,-3.26,0.935,35.531,H_,1.181091698,3.680221332,-1.818214508,3.726231197,-0.588201493,,2.16,-0.806,33.236,H_,1.112143496,2.129768166,0.476785492,2.152127309,1.706798507,,-0.346,6.011,31.108,C_R2,0.84835746,5.702217532,2.604785492,5.580129366,3.834798507
141,,,,,,,2.652279124,0.497094432,1.672516651,35.90565702,1.323799955,-2.192871528,1.187551674,-0.962858512,,2.136,4.707,37.384,H_,1.154756973,4.695629426,-3.671214508,4.548956647,-2.441201493,,-3.831,1.518,36.337,C_R2,1.022995787,4.363150439,-2.624214508,4.392974168,-1.394201493,,2.748,-1.469,33.904,C_R2,0.963839894,2.993348995,-0.191214508,3.025625296,1.038798507
141,,,,,,,2.389214151,1.190125626,2.391494127,32.23101721,2.194407689,1.481768277,2.047793129,2.711781293,,1.006,6.279,30.976,C_R2,1.509637389,5.958159888,2.736785492,5.820290774,3.966798507,,-0.346,6.011,31.108,C_R2,1.448319177,5.702217532,2.604785492,5.580129366,3.834798507,,2.16,-0.806,33.236,H_,0.183636087,2.129768166,0.476785492,2.152127309,1.706798507
,,,,,,,,,,,,,,,,,,,,,,,,,,,,,,,,,,,,,,,,,,,,
142,2.511,-0.147,0.743,35.306,0.223504643,,3.070621023,0.088519378,1.313638082,32.7717504,1.322293054,1.051332519,1.313093766,2.300660051,,2.741,-1.774,33.68,H_,1.412245225,2.915715044,0.143082916,2.904710863,1.392410448,,-0.696,-2.632,33.872,H_,1.320054234,2.917257758,-0.048917084,2.946030692,1.200410448,,-0.69,5.841,31.485,C_R2,0.409293195,5.909142533,2.338082916,5.896641636,3.587410448
142,,,,,,,2.712950235,1.807549522,1.810345425,32.77461192,2.219070851,1.048470994,2.186572579,2.297798526,,1.73,3.732,36.067,H_,1.621552887,3.898445589,-2.243917084,3.871379395,-0.994589552,,0.714,5.86,31.404,C_R2,0.832192968,5.820089657,2.419082916,5.800270897,3.668410448,,2.741,-1.774,33.68,H_,0.687846799,2.915715044,0.143082916,2.904710863,1.392410448
142,,,,,,,2.51412939,-0.171306016,0.71427162,35.48366296,0.921533568,-1.660580042,0.928712049,-0.41125251,,-1.406,-3.197,34.516,C_R2,1.52348386,3.742224645,-0.692917084,3.772994685,0.556410448,,-2.644,-2.647,34.895,C_R2,1.437511611,4.110877764,-1.071917084,4.145161633,0.177410448,,1.73,3.732,36.067,H_,0.180597182,3.898445589,-2.243917084,3.871379395,-0.994589552
142,,,,,,,2.510801099,-0.14700351,0.742779704,35.30587949,0.926260735,-1.482796577,0.932072081,-0.233469045,,-2.788,-1.586,34.506,H_,1.723442411,3.636935575,-0.682917084,3.671402817,0.566410448,,-1.406,-3.197,34.516,C_R2,1.144474151,3.742224645,-0.692917084,3.772994685,0.556410448,,1.73,3.732,36.067,H_,0.273676091,3.898445589,-2.243917084,3.871379395,-0.994589552
142,,,,,,,2.489906098,-0.779397115,1.26242626,35.36588841,1.738877693,-1.542805499,1.747013976,-0.293477967,,-4.946,1.546,35.704,C_R2,1.313957165,5.612866965,-1.880917084,5.636083894,-0.631589552,,-2.788,-1.586,34.506,H_,1.257931709,3.636935575,-0.682917084,3.671402817,0.566410448,,1.73,3.732,36.067,H_,0.569703779,3.898445589,-2.243917084,3.871379395,-0.994589552
142,,,,,,,2.486361867,0.383290152,0.529697803,35.17614386,0.490793409,-1.353060945,0.478171098,-0.103733413,,-0.696,-2.632,33.872,H_,2.083340416,2.917257758,-0.048917084,2.946030692,1.200410448,,-1.406,-3.197,34.516,C_R2,0.932998176,3.742224645,-0.692917084,3.772994685,0.556410448,,1.73,3.732,36.067,H_,0.125254062,3.898445589,-2.243917084,3.871379395,-0.994589552
142,,,,,,,1.944708534,2.290316916,0.951501995,34.96014597,2.040070329,-1.137063049,2.005626095,0.112264482,,2.741,-1.774,33.68,H_,2.057734467,2.915715044,0.143082916,2.904710863,1.392410448,,3.315,-2.475,34.258,C_R2,0.940689203,3.806397842,-0.434917084,3.797002211,0.814410448,,1.73,3.732,36.067,H_,0.143168983,3.898445589,-2.243917084,3.871379395,-0.994589552
,,,,,,,,,,,,,,,,,,,,,,,,,,,,,,,,,,,,,,,,,,,,
143,1.938,0.655,-0.085,34.409,0.404540814,,1.939348059,0.520457979,-0.043661551,34.76497857,0.328138733,-0.805573862,0.29195082,0.38534606,,2.277,-2.416,35.489,H_,1.610281684,3.276847214,-1.529595295,3.24378658,-0.338675373,,-2.123,-2.356,33.811,C_R2,0.822075632,3.506210511,0.148404705,3.550935555,1.339324627,,2.576,2.873,35.481,C_R2,0.709235337,3.526400698,-1.521595295,3.484417201,-0.330675373
143,,,,,,,1.937704293,0.655366419,-0.085362907,34.40914693,0.457692774,-0.449742229,0.413614402,0.741177693,,2.277,-2.416,35.489,H_,1.512716755,3.276847214,-1.529595295,3.24378658,-0.338675373,,-2.123,-2.356,33.811,C_R2,0.836362006,3.506210511,0.148404705,3.550935555,1.339324627,,2.389,2.404,34.568,H_,0.792513893,3.052428392,-0.608595295,3.008215026,0.582324627
143,,,,,,,1.915240375,0.391268105,0.239318448,33.92387612,0.114131264,0.035528583,0.062581327,1.226448505,,-1.539,-1.901,33.038,H_,2.066954857,2.776451121,0.921404705,2.819587665,2.112324627,,-2.123,-2.356,33.811,C_R2,0.93158098,3.506210511,0.148404705,3.550935555,1.339324627,,2.389,2.404,34.568,H_,0.143056816,3.052428392,-0.608595295,3.008215026,0.582324627
143,,,,,,,1.908720672,0.234660401,0.309684078,34.40969083,0.132457845,-0.450286128,0.163684701,0.740633794,,2.389,2.404,34.568,H_,1.616895711,3.052428392,-0.608595295,3.008215026,0.582324627,,1.49,3.113,36.304,C_R2,1.223959362,3.161221811,-2.344595295,3.135008966,-1.153675373,,-2.123,-2.356,33.811,C_R2,0.30073758,3.506210511,0.148404705,3.550935555,1.339324627
143,,,,,,,1.743950089,-0.987229381,0.62309047,35.11324318,1.347994942,-1.15383847,1.404088164,0.037081452,,-4.084,1.762,36.1,C_R2,1.381905115,4.647270483,-2.140595295,4.702821107,-0.949675373,,0.478,2.886,36.019,H_,0.929655471,2.703777566,-2.059595295,2.696199115,-0.868675373,,-2.123,-2.356,33.811,C_R2,0.830032067,3.506210511,0.148404705,3.550935555,1.339324627
,,,,,,,,,,,,,,,,,,,,,,,,,,,,,,,,,,,,,,,,,,,,
144,1.926,-0.2,0.793,35.009,0.409510367,,1.925527398,-0.200318843,0.79340554,35.00916065,0.487963815,-1.290947732,0.50755946,-0.094888261,,-2.565,-0.703,33.859,H_,1.389590386,2.613573671,-0.140787082,2.620472889,1.055272388,,0.487,-2.153,34.999,H_,1.181152633,2.542879256,-1.280787082,2.52160363,-0.084727612,,0.437,4.307,35.636,C_R2,0.570849634,4.042956511,-1.917787082,4.058712613,-0.721727612
144,,,,,,,1.90650094,-0.11563599,0.744755895,35.52709899,0.438920654,-1.808886069,0.455919772,-0.612826599,,-3.213,1.941,36.935,C_R2,1.329901839,3.467161325,-3.216787082,3.488903833,-2.020727612,,0.437,4.307,35.636,C_R2,1.06513107,4.042956511,-1.917787082,4.058712613,-0.721727612,,0.487,-2.153,34.999,H_,0.746559744,2.542879256,-1.280787082,2.52160363,-0.084727612
144,,,,,,,1.666180141,2.292401667,1.512113364,36.54294409,2.727500579,-2.824731173,2.722163245,-1.628671703,,5.453,1.059,37.609,C_R2,1.276959322,5.657830199,-3.890787082,5.645435283,-2.694727612,,2.666,-1.116,35.765,H_,1.180106997,3.159584931,-2.046787082,3.138080307,-0.850727612,,0.772,4.481,36.996,C_R2,0.684526335,4.275072245,-3.277787082,4.289541428,-2.081727612
144,,,,,,,1.532467586,1.684214855,1.325251882,35.68579917,2.101738236,-1.967586252,2.097535849,-0.771526781,,1.41,4.377,34.656,C_R2,1.539404476,4.359875274,-0.937787082,4.371449612,0.258272388,,0.437,4.307,35.636,C_R2,1.364287228,4.042956511,-1.917787082,4.058712613,-0.721727612,,2.666,-1.116,35.765,H_,0.23790095,3.159584931,-2.046787082,3.138080307,-0.850727612
144,,,,,,,1.493376009,2.435892798,1.433560422,35.3497995,2.824722572,-1.631586583,2.818302928,-0.435527113,,1.41,4.377,34.656,C_R2,1.459127594,4.359875274,-0.937787082,4.371449612,0.258272388,,2.759,4.592,35.007,C_R2,1.436611747,5.181310308,-1.288787082,5.187912808,-0.092727612,,2.666,-1.116,35.765,H_,0.245853313,3.159584931,-2.046787082,3.138080307,-0.850727612
,,,,,,,,,,,,,,,,,,,,,,,,,,,,,,,,,,,,,,,,,,,,
145,2.193,1.204,1.712,35.422,0.231060245,,2.52036988,0.985696487,1.861849483,33.50459128,1.867984953,0.137341053,1.861967794,1.377334096,,-2.39,3.052,34.048,H_,1.52123347,3.487537729,-0.40606767,3.466570925,0.833925373,,0.761,5.667,31.693,C_R2,0.966019917,5.366075394,1.94893233,5.351329335,3.188925373,,2.202,-1.338,34.683,H_,0.654339266,2.912032804,-1.04106767,2.932009129,0.198925373
145,,,,,,,2.508339168,1.562954786,2.092293677,33.76386015,2.422912358,-0.121927824,2.419570062,1.118065219,,1.331,5.528,36.183,C_R2,1.405257375,5.357941543,-2.54106767,5.344923744,-1.301074627,,0.761,5.667,31.693,C_R2,1.122291721,5.366075394,1.94893233,5.351329335,3.188925373,,2.202,-1.338,34.683,H_,0.614043558,2.912032804,-1.04106767,2.932009129,0.198925373
145,,,,,,,2.478188174,1.60936271,1.860657202,33.19276386,2.300329361,0.44916847,2.29877925,1.689161513,,1.321,4.869,31.277,H_,2.132773258,4.72500811,2.36493233,4.712606422,3.604925373,,0.761,5.667,31.693,C_R2,0.892851285,5.366075394,1.94893233,5.351329335,3.188925373,,2.202,-1.338,34.683,H_,0.115968111,2.912032804,-1.04106767,2.932009129,0.198925373
145,,,,,,,2.23750682,1.837148387,1.548579425,36.31808235,2.305964441,-2.676150023,2.307940845,-1.43615698,,0.716,5.181,37.344,C_R2,1.530258014,4.879640733,-3.70206767,4.865014676,-2.462074627,,1.545,4.876,38.403,C_R2,1.420704542,4.806021659,-4.76106767,4.794376744,-3.521074627,,2.202,-1.338,34.683,H_,0.190630097,2.912032804,-1.04106767,2.932009129,0.198925373
145,,,,,,,2.209414155,1.24322225,1.595519607,35.87775102,1.849777076,-2.235818687,1.847875502,-0.995825644,,-2.047,1.278,35.717,H_,1.576724138,2.099214115,-2.07506767,2.080852059,-0.835074627,,0.716,5.181,37.344,C_R2,0.786797403,4.879640733,-3.70206767,4.865014676,-2.462074627,,2.202,-1.338,34.683,H_,0.778071113,2.912032804,-1.04106767,2.932009129,0.198925373
145,,,,,,,2.193152788,1.204006856,1.712159163,35.42150799,1.900359006,-1.779575659,1.897204481,-0.539582615,,-2.047,1.278,35.717,H_,1.471473825,2.099214115,-2.07506767,2.080852059,-0.835074627,,2.202,-1.338,34.683,H_,0.872037578,2.912032804,-1.04106767,2.932009129,0.198925373,,1.331,5.528,36.183,C_R2,0.79808125,5.357941543,-2.54106767,5.344923744,-1.301074627
145,,,,,,,2.142452459,1.90829049,1.814906362,35.38043397,2.509837667,-1.738501644,2.510187443,-0.498508601,,5.326,3.446,36.031,C_R2,1.483191687,6.276560489,-2.38906767,6.278925356,-1.149074627,,1.331,5.528,36.183,C_R2,0.971605158,5.357941543,-2.54106767,5.344923744,-1.301074627,,2.202,-1.338,34.683,H_,0.686795809,2.912032804,-1.04106767,2.932009129,0.198925373
145,,,,,,,1.453719931,0.006954582,-0.171810486,35.26888661,0.572610005,-1.626954277,0.592449807,-0.386961233,,2.202,-1.338,34.683,H_,2.063306475,2.912032804,-1.04106767,2.932009129,0.198925373,,2.239,-2.378,34.958,C_R2,0.910650097,3.648010964,-1.31606767,3.668949275,-0.076074627,,-2.047,1.278,35.717,H_,0.167636081,2.099214115,-2.07506767,2.080852059,-0.835074627
,,,,,,,,,,,,,,,,,,,,,,,,,,,,,,,,,,,,,,,,,,,,
146,2.593,0.685,0.961,35.717,0.324776053,,2.807120748,0.4867504,1.11551761,33.66116986,1.206612776,0.171127343,1.259458854,1.403714466,,-2.941,1.617,35.468,H_,1.265648265,3.219787979,-1.635702795,3.186149539,-0.403115672,,1.479,4.566,32.12,H_,0.942459249,4.770142447,1.712297205,4.815896842,2.944884328,,1.554,-2.616,34.111,H_,0.93348514,3.163863498,-0.278702795,3.168756706,0.953884328
146,,,,,,,2.783348487,0.195863146,0.927151472,33.28520498,0.911734532,0.547092221,0.958575058,1.779679345,,-2.941,1.617,35.468,H_,1.528229085,3.219787979,-1.635702795,3.186149539,-0.403115672,,-0.915,4.499,32.242,H_,0.950934091,4.499650345,1.590297205,4.518825193,2.822884328,,1.554,-2.616,34.111,H_,0.662429478,3.163863498,-0.278702795,3.168756706,0.953884328
146,,,,,,,2.781632743,0.431508333,0.976541682,33.16193231,1.058862471,0.670364892,1.112395887,1.902952016,,1.479,4.566,32.12,H_,1.540324423,4.770142447,1.712297205,4.815896842,2.944884328,,-0.915,4.499,32.242,H_,1.287236036,4.499650345,1.590297205,4.518825193,2.822884328,,1.554,-2.616,34.111,H_,0.314032194,3.163863498,-0.278702795,3.168756706,0.953884328
146,,,,,,,2.776428225,0.724632977,1.400122332,34.22590711,1.573331549,-0.393609909,1.627324774,0.838977215,,1.479,4.566,32.12,H_,1.159095812,4.770142447,1.712297205,4.815896842,2.944884328,,-2.941,1.617,35.468,H_,1.038238867,3.219787979,-1.635702795,3.186149539,-0.403115672,,3.518,-1.244,34.708,H_,0.944257974,3.86527379,-0.875702795,3.907113644,0.356884328
146,,,,,,,2.593053627,0.684838766,0.961377161,35.71719275,1.198305858,-1.884895548,1.256581406,-0.652308424,,3.42,-2.279,35.047,C_R2,1.376961225,4.24619784,-1.214702795,4.276067255,0.017884328,,4.878,1.549,36.426,C_R2,1.196121078,5.208984348,-2.593702795,5.269643603,-1.361115672,,-2.941,1.617,35.468,H_,0.568510351,3.219787979,-1.635702795,3.186149539,-0.403115672
146,,,,,,,2.542316847,0.670049502,1.748961928,35.92558011,1.853560282,-2.093282908,1.903346355,-0.860695785,,1.49,5.883,36.41,C_R2,1.469499824,6.030304403,-2.577702795,6.072942305,-1.345115672,,4.878,1.549,36.426,C_R2,0.904047393,5.208984348,-2.593702795,5.269643603,-1.361115672,,-2.941,1.617,35.468,H_,0.768045436,3.219787979,-1.635702795,3.186149539,-0.403115672
146,,,,,,,2.542910659,0.650569942,1.644868091,36.07680768,1.751243488,-2.244510476,1.801593307,-1.011923353,,-2.941,1.617,35.468,H_,2.085192502,3.219787979,-1.635702795,3.186149539,-0.403115672,,-3.577,1.937,36.288,C_R2,0.944481114,3.931401754,-2.455702795,3.897359518,-1.223115672,,4.878,1.549,36.426,C_R2,0.111919037,5.208984348,-2.593702795,5.269643603,-1.361115672
,,,,,,,,,,,,,,,,,,,,,,,,,,,,,,,,,,,,,,,,,,,,
147,3.226,-0.064,1.609,35.647,0.267142913,,3.415065485,0.103055479,1.947324233,33.98455854,1.868899383,-0.245430596,1.78891696,0.996751157,,-3.278,-1.041,33.829,H_,1.35226773,3.439967235,-0.089872051,3.414069719,1.152309701,,2.742,-1.599,34.904,H_,1.091262052,3.239650793,-1.164872051,3.33423837,0.077309701,,-0.549,6.959,33.196,C_R2,0.698062871,6.895855078,0.543127949,6.806462838,1.785309701
147,,,,,,,3.226333074,-0.06359746,1.609461867,35.64666628,1.526961139,-1.907538333,1.441274505,-0.66535658,,2.742,-1.599,34.904,H_,1.469089857,3.239650793,-1.164872051,3.33423837,0.077309701,,-3.435,-1.818,34.572,C_R2,0.979085821,3.902464493,-0.832872051,3.894366364,0.409309701,,1.543,6.087,36.927,C_R2,0.693416975,6.205888426,-3.187872051,6.138547468,-1.945690299
,,,,,,,,,,,,,,,,,,,,,,,,,,,,,,,,,,,,,,,,,,,,
148,3.047,-1.435,0.928,35.737,0.480421025,,3.059635316,-0.232575858,1.211924343,33.17402693,1.280731575,0.793880887,1.167672829,2.016790237,,1.205,-2.2,35.07,H_,1.331175689,2.458833585,-1.102092186,2.545728844,0.120817164,,-2.701,-2.856,33.06,C_R2,1.303281548,3.917834318,0.907907814,4.063132848,2.130817164,,-0.668,5.654,31.521,C_R2,0.507135417,5.73859356,2.446907814,5.614819178,3.669817164
148,,,,,,,3.047300829,-1.435143725,0.928042911,35.73715277,1.753715871,-1.76924496,1.744642538,-0.54633561,,1.205,-2.2,35.07,H_,1.397722081,2.458833585,-1.102092186,2.545728844,0.120817164,,-4.014,-2.406,33.553,C_R2,1.070904266,4.680126247,0.414907814,4.809080474,1.637817164,,-1.142,4.679,37.482,H_,0.672966306,4.863739196,-3.514092186,4.751678328,-2.291182836
148,,,,,,,3.01069457,0.413816594,1.47464392,33.40601961,1.566082696,0.5618882,1.419358418,1.78479755,,0.741,5.736,31.425,C_R2,1.542752923,5.822661894,2.542907814,5.681382494,3.765817164,,-0.668,5.654,31.521,C_R2,1.437813537,5.73859356,2.446907814,5.614819178,3.669817164,,1.205,-2.2,35.07,H_,0.161026194,2.458833585,-1.102092186,2.545728844,0.120817164
148,,,,,,,2.986027885,-1.187765935,0.661566126,36.73785322,1.402778495,-2.769945407,1.404506521,-1.547036057,,-3.72,-2.491,37.325,H_,1.214257582,4.474796313,-3.357092186,4.607484379,-2.134182836,,1.205,-2.2,35.07,H_,1.201462997,2.458833585,-1.102092186,2.545728844,0.120817164,,-1.142,4.679,37.482,H_,0.725872075,4.863739196,-3.514092186,4.751678328,-2.291182836
148,,,,,,,2.730079087,0.114698334,1.269064431,36.27263879,1.314628025,-2.304730979,1.177843061,-1.081821629,,3.899,1.18,35.689,H_,1.547724517,4.061839831,-1.721092186,3.955945754,-0.498182836,,1.205,-2.2,35.07,H_,0.987349414,2.458833585,-1.102092186,2.545728844,0.120817164,,-1.142,4.679,37.482,H_,0.606518723,4.863739196,-3.514092186,4.751678328,-2.291182836
148,,,,,,,2.729094674,-1.640305246,1.347727522,31.87809871,2.169736614,2.089809106,2.143001791,3.312718456,,-3.489,5.158,32.223,O_R,1.594879577,6.276727988,1.744907814,6.206563834,2.967817164,,-0.668,5.654,31.521,C_R2,1.181611002,5.73859356,2.446907814,5.614819178,3.669817164,,-2.368,-2.401,32.16,H_,0.365102074,3.360242969,1.807907814,3.504595576,3.030817164
,,,,,,,,,,,,,,,,,,,,,,,,,,,,,,,,,,,,,,,,,,,,
149,2.193,0.588,0.564,35.283,0.242525235,,2.236299378,0.712215629,0.661744743,35.80231798,1.228620252,-2.111506385,1.229737405,-0.852433651,,-1.091,2.607,37.826,H_,1.409926542,2.964881728,-4.135188406,2.956365592,-2.876115672,,-2.029,2.546,35.545,H_,1.352943081,3.329186339,-1.854188406,3.319495097,-0.595115672,,3.226,-1.391,35.029,H_,0.37872303,3.584011869,-1.338188406,3.593553544,-0.079115672
149,,,,,,,2.231980217,0.902070314,0.96848885,35.39540871,1.581915676,-1.704597115,1.582495769,-0.445524381,,3.226,-1.391,35.029,H_,1.465474827,3.584011869,-1.338188406,3.593553544,-0.079115672,,4.815,1.186,35.715,C_R2,1.217979161,5.16315229,-2.024188406,5.169031056,-0.765115672,,-2.029,2.546,35.545,H_,0.458138666,3.329186339,-1.854188406,3.319495097,-0.595115672
149,,,,,,,2.193270208,0.587865054,0.563833815,35.28296343,1.071616171,-1.592151838,1.072563982,-0.333079104,,1.154,-2.604,34.583,H_,1.565397137,2.732109433,-0.892188406,2.741474986,0.366884328,,3.226,-1.391,35.029,H_,1.196368997,3.584011869,-1.338188406,3.593553544,-0.079115672,,-2.029,2.546,35.545,H_,0.379826519,3.329186339,-1.854188406,3.319495097,-0.595115672
149,,,,,,,2.164600938,0.022224823,0.068113572,36.10193345,0.328060784,-2.411121851,0.327182808,-1.152049117,,-2.029,2.546,35.545,H_,1.431139291,3.329186339,-1.854188406,3.319495097,-0.595115672,,-1.091,2.607,37.826,H_,1.356037752,2.964881728,-4.135188406,2.956365592,-2.876115672,,1.939,-3.138,35.111,C_R2,0.35441561,3.603307956,-1.420188406,3.613067754,-0.161115672
149,,,,,,,2.137962932,1.14577495,0.576229245,36.66100562,1.51977743,-2.970194022,1.523283075,-1.711121288,,4.815,1.186,35.715,C_R2,1.413124296,5.16315229,-2.024188406,5.169031056,-0.765115672,,3.121,-2.435,35.334,C_R2,1.128734462,3.963365018,-1.643188406,3.973459113,-0.384115672,,-1.091,2.607,37.826,H_,0.599733896,2.964881728,-4.135188406,2.956365592,-2.876115672
149,,,,,,,2.131387057,0.550398829,0.099136383,36.61840227,0.770491671,-2.927590676,0.775249667,-1.668517942,,3.121,-2.435,35.334,C_R2,1.480953253,3.963365018,-1.643188406,3.973459113,-0.384115672,,1.939,-3.138,35.111,C_R2,1.462228914,3.603307956,-1.420188406,3.613067754,-0.161115672,,-1.091,2.607,37.826,H_,0.198410486,2.964881728,-4.135188406,2.956365592,-2.876115672
149,,,,,,,1.971885479,-0.607799638,-0.122670775,35.00198414,0.458849669,-1.311172549,0.449961499,-0.052099815,,-2.26,-2.49,33.952,H_,1.504333777,3.104281154,-0.261188406,3.103637436,0.997884328,,1.154,-2.604,34.583,H_,1.036339498,2.732109433,-0.892188406,2.741474986,0.366884328,,-2.029,2.546,35.545,H_,0.600919379,3.329186339,-1.854188406,3.319495097,-0.595115672
,,,,,,,,,,,,,,,,,,,,,,,,,,,,,,,,,,,,,,,,,,,,
150,1.644,-0.698,-1.166,35.267,0.492938369,,2.031442053,1.365961587,1.664172375,33.04869103,2.701779914,0.563723397,2.794210399,1.807062704,,-0.109,1.656,35.811,H_,1.564032715,2.147275675,-2.198585575,2.213705308,-0.955246269,,-1.602,2.166,33.912,H_,1.172354512,2.96644834,-0.299585575,2.988428067,0.943753731,,4.323,1.169,32.145,H_,0.405205427,4.882843093,1.467414425,4.972570058,2.710753731
150,,,,,,,2.031719862,1.358347429,1.704741524,33.00026922,2.729611804,0.612145202,2.821793981,1.855484509,,1.219,4.197,31.109,H_,1.555857702,4.913548725,2.503414425,4.993302323,3.746753731,,4.323,1.169,32.145,H_,0.793669426,4.882843093,1.467414425,4.972570058,2.710753731,,-1.602,2.166,33.912,H_,0.792065526,2.96644834,-0.299585575,2.988428067,0.943753731
150,,,,,,,1.644143734,-0.697615677,-1.166149375,35.26675056,0.803530715,-1.654336131,0.714263759,-0.410996824,,1.01,-2.973,34.105,H_,1.35020653,2.798336465,-0.492585575,2.780305596,0.750753731,,-1.569,-3.768,35.304,H_,1.280826753,3.530101038,-1.691585575,3.447563634,-0.448246269,,-1.118,2.071,35.993,C_R2,0.51055937,2.69278458,-2.380585575,2.727983463,-1.137246269
150,,,,,,,1.441614805,1.500551813,-0.249159145,35.32159484,1.787321344,-1.709180415,1.868924375,-0.465841109,,4.018,1.507,35.991,C_R2,1.39042027,4.729187516,-2.378585575,4.821318193,-1.135246269,,-0.109,1.656,35.811,H_,0.950525572,2.147275675,-2.198585575,2.213705308,-0.955246269,,3.078,-2.872,34.613,C_R2,0.800646811,4.112625127,-1.000585575,4.138829131,0.242753731
,,,,,,,,,,,,,,,,,,,,,,,,,,,,,,,,,,,,,,,,,,,,
151,2.422,-1.087,-0.28,34.838,0.283888465,,2.428576169,-1.012203014,-0.337786765,35.5067938,0.739475976,-1.830546027,0.696874114,-0.661633351,,2.889,0.736,36.327,C_R2,1.501882204,3.39416404,-2.650752228,3.453114881,-1.481839552,,-0.224,3.663,36.153,C_R2,1.048543098,4.131727107,-2.476752228,4.165850671,-1.307839552,,-1.849,-3.717,34.931,H_,0.591167351,3.605873154,-1.254752228,3.554296977,-0.085839552
151,,,,,,,2.427109474,-1.253267848,-0.234429239,34.35151761,0.996756579,-0.675269841,0.956472744,0.493642835,,-1.008,3.839,34.968,C_R2,1.217835443,4.367655133,-1.291752228,4.392273507,-0.122839552,,-5.107,0.519,35.622,C_R2,1.166884516,4.922687294,-1.945752228,4.880065616,-0.776839552,,0.911,-2.803,33.275,H_,0.756872695,2.622919773,0.401247772,2.617153467,1.570160448
151,,,,,,,2.421739939,-1.087047111,-0.279931914,34.83803245,0.824516319,-1.161784682,0.78416211,0.007127994,,-1.849,-3.717,34.931,H_,1.345906244,3.605873154,-1.254752228,3.554296977,-0.085839552,,1.589,-3.287,33.952,C_R2,1.319198458,3.384453057,-0.275752228,3.385367233,0.893160448,,-1.008,3.839,34.968,C_R2,0.476487952,4.367655133,-1.291752228,4.392273507,-0.122839552
,,,,,,,,,,,,,,,,,,,,,,,,,,,,,,,,,,,,,,,,,,,,
152,2.518,-0.816,0.549,35.167,0.33282384,,2.517829772,-0.806150846,0.496215743,35.34070485,1.079589823,-1.597070338,1.096378537,-0.399395145,,3.254,1.589,35.674,C_R2,1.1889097,3.848163523,-1.930365492,3.823372106,-0.732690299,,-1.585,4.472,36.514,C_R2,1.152057938,5.012553953,-2.770365492,5.018808007,-1.572690299,,-2.588,-2.522,34.444,H_,0.800625015,3.333713681,-0.700365492,3.355616544,0.497309701
,,,,,,,,,,,,,,,,,,,,,,,,,,,,,,,,,,,,,,,,,,,,
153,2.326,0.367,0.223,34.803,0.209487999,,2.545466307,0.553908051,-0.43446966,36.93982594,0.522022051,-2.983971897,0.54166391,-1.77845281,,-0.857,3.522,37.556,C_R2,1.170226003,3.914397277,-3.600145953,3.917904282,-2.394626866,,3.861,0.135,38.364,H_,1.162479374,3.830342807,-4.408145953,3.854173423,-3.202626866,,-1.843,-3.447,35.15,C_R2,0.808887277,3.687286287,-1.194145953,3.667760826,0.011373134
153,,,,,,,2.542648427,0.611551366,-0.374151937,36.74149239,0.564884794,-2.785638347,0.586280495,-1.58011926,,-0.857,3.522,37.556,C_R2,1.329358772,3.914397277,-3.600145953,3.917904282,-2.394626866,,4.319,1.111,38.173,C_R2,1.068767273,4.487882901,-4.217145953,4.512524633,-3.011626866,,-1.843,-3.447,35.15,C_R2,0.743466608,3.687286287,-1.194145953,3.667760826,0.011373134
153,,,,,,,2.326067529,0.366635315,0.223345296,34.80288352,0.596895237,-0.84702947,0.616801179,0.358489617,,-1.042,-2.897,34.672,H_,1.363695789,2.832553034,-0.716145953,2.815399977,0.489373134,,3.673,-1.916,33.966,C_R2,1.044950958,3.969788152,-0.010145953,3.98706545,1.195373134,,-0.897,3.351,35.402,H_,0.732945906,3.758220654,-1.446145953,3.761218729,-0.240626866
,,,,,,,,,,,,,,,,,,,,,,,,,,,,,,,,,,,,,,,,,,,,
154,2.454,0.128,0.061,35.892,0.324629962,,2.453868388,0.127996575,0.060570581,35.89157302,0.131533806,-1.948407727,0.102868558,-0.674908841,,-2.924,-2.465,34.642,C_R2,1.272277045,3.830404285,-0.698834707,3.879487731,0.574664179,,2.91,-2.995,35.469,C_R2,1.076801144,4.151530999,-1.525834707,4.075679687,-0.252335821,,-0.479,4.032,36.947,C_R2,0.792514465,4.077185903,-3.003834707,4.112863505,-1.730335821
154,,,,,,,1.843986247,-1.97619547,0.922446136,35.07410388,2.205170453,-1.13093859,2.291496861,0.142560296,,-2.428,-1.769,33.97,H_,2.121704222,3.011796617,-0.026834707,3.066095984,1.246664179,,-2.924,-2.465,34.642,C_R2,0.88873042,3.830404285,-0.698834707,3.879487731,0.574664179,,-1.128,4.297,35.747,C_R2,0.131158011,4.461754337,-1.803834707,4.507905469,-0.530335821
154,,,,,,,1.841585231,-2.027817809,0.916296285,35.19564146,2.249456089,-1.252476163,2.335929276,0.021022723,,-4.019,-2.004,35.419,C_R2,1.570184503,4.502399368,-1.475834707,4.566853497,-0.202335821,,-2.924,-2.465,34.642,C_R2,1.369622301,3.830404285,-0.698834707,3.879487731,0.574664179,,-1.128,4.297,35.747,C_R2,0.20178585,4.461754337,-1.803834707,4.507905469,-0.530335821
,,,,,,,,,,,,,,,,,,,,,,,,,,,,,,,,,,,,,,,,,,,,
155,2.664,-0.041,0.609,34.209,0.348737753,,2.667792559,-0.077830353,0.531303323,34.47606388,0.566832208,-0.741584419,0.618084346,0.480880148,,3.397,-0.918,34.33,H_,1.145893576,3.321328381,-0.595520537,3.238794529,0.62694403,,-3.313,-2.294,33.683,C_R2,1.029349108,4.238692002,0.051479463,4.308819893,1.27394403,,-0.89,4.729,35.369,C_R2,0.96634997,4.810010559,-1.634520537,4.833006886,-0.41205597
155,,,,,,,2.664009918,-0.041420997,0.608538123,34.20870256,0.617648642,-0.474223093,0.660602471,0.748241473,,-2.86,-1.582,33.015,H_,1.121034868,3.484574206,0.719479463,3.559200756,1.94194403,,3.397,-0.918,34.33,H_,1.080052801,3.321328381,-0.595520537,3.238794529,0.62694403,,-0.89,4.729,35.369,C_R2,0.940504984,4.810010559,-1.634520537,4.833006886,-0.41205597
,,,,,,,,,,,,,,,,,,,,,,,,,,,,,,,,,,,,,,,,,,,,
156,2.22,0.042,0.842,33.593,0.293836036,,2.220122494,0.041661923,0.842183693,33.59296457,0.650979716,-0.091608305,0.589386784,1.114804084,,2.447,-1.239,32.641,H_,1.293351872,2.745525505,0.860356268,2.743050485,2.066768657,,-1.1,-2.238,33.111,H_,1.254525072,2.714586169,0.390356268,2.796969165,1.596768657,,-0.597,3.988,34.441,H_,0.59371571,3.858137789,-0.939643732,3.799341494,0.266768657
156,,,,,,,2.078668673,1.202947617,1.449076173,33.79447938,1.667094711,-0.293123114,1.584664734,0.913289275,,3.719,1.646,35.727,H_,1.449855348,3.894366886,-2.225643732,3.825807974,-1.019231343,,2.447,-1.239,32.641,H_,0.924733752,2.745525505,0.860356268,2.743050485,2.066768657,,-0.597,3.988,34.441,H_,0.767003553,3.858137789,-0.939643732,3.799341494,0.266768657
,,,,,,,,,,,,,,,,,,,,,,,,,,,,,,,,,,,,,,,,,,,,
157,2.334,0.586,0.427,35.689,0.411120461,,2.703723306,-0.503818385,1.249808322,32.16427242,1.126031643,1.399946013,1.110843015,2.585555936,,-4.287,1.482,31.845,H_,1.300351422,4.519309497,1.719218436,4.449530321,2.904828358,,-1.068,4.976,31.649,H_,1.166080001,4.831078368,1.915218436,4.83834961,3.100828358,,1.911,-1.637,32.715,H_,0.675161231,2.658604059,0.849218436,2.69613552,2.034828358
157,,,,,,,2.440857694,1.009191723,1.778964914,32.95079386,1.768338997,0.613424572,1.83362909,1.799034494,,-1.074,3.847,34.931,H_,1.291797958,3.745117153,-1.366781564,3.746513853,-0.181171642,,1.371,5.074,31.706,H_,1.209829751,4.966683353,1.858218436,5.013256743,3.043828358,,1.911,-1.637,32.715,H_,0.639964945,2.658604059,0.849218436,2.69613552,2.034828358
157,,,,,,,2.333684037,0.586248781,0.426618393,35.68894899,0.536683515,-2.124730557,0.620599385,-0.939120635,,4.507,1.132,36.322,C_R2,1.106763713,4.518151548,-2.757781564,4.601471104,-1.572171642,,-1.046,3.866,37.022,C_R2,1.076794986,3.75479862,-3.457781564,3.7569186,-2.272171642,,-0.844,-2.398,34.36,H_,0.958033955,2.830362345,-0.795781564,2.780719607,0.389828358
157,,,,,,,2.313455808,0.482202268,0.633167268,35.19957911,0.542468818,-1.635360679,0.620926277,-0.449750757,,-0.844,-2.398,34.36,H_,1.685741986,2.830362345,-0.795781564,2.780719607,0.389828358,,2.506,-2.296,33.347,C_R2,1.006412278,3.546157855,0.217218436,3.582851393,1.402828358,,-1.046,3.866,37.022,C_R2,0.44943839,3.75479862,-3.457781564,3.7569186,-2.272171642
157,,,,,,,2.307027619,1.760017162,1.740109093,32.29052909,2.23305992,1.273689342,2.310750933,2.459299265,,4.544,1.471,34.236,H_,1.528212533,4.629843254,-0.671781564,4.713690724,0.513828358,,1.911,-1.637,32.715,H_,0.921346216,2.658604059,0.849218436,2.69613552,2.034828358,,1.371,5.074,31.706,H_,0.692033905,4.966683353,1.858218436,5.013256743,3.043828358
157,,,,,,,2.30445196,0.673729472,0.808436276,35.09081639,0.80198542,-1.526597959,0.879872847,-0.340988037,,-1.632,4,35.821,C_R2,1.542881584,4.090031603,-2.256781564,4.081386931,-1.071171642,,-1.046,3.866,37.022,C_R2,1.430221805,3.75479862,-3.457781564,3.7569186,-2.272171642,,2.506,-2.296,33.347,C_R2,0.168489265,3.546157855,0.217218436,3.582851393,1.402828358
157,,,,,,,2.268257454,0.307048451,0.757893679,34.60613173,0.532842347,-1.04191329,0.594761104,0.143696633,,-0.844,-2.398,34.36,H_,1.721178892,2.830362345,-0.795781564,2.780719607,0.389828358,,2.506,-2.296,33.347,C_R2,0.968655996,3.546157855,0.217218436,3.582851393,1.402828358,,-1.632,4,35.821,C_R2,0.451757765,4.090031603,-2.256781564,4.081386931,-1.071171642
157,,,,,,,2.265075852,0.444726361,0.867434326,34.55764477,0.696230469,-0.993426335,0.763053119,0.192183587,,-1.074,3.847,34.931,H_,2.167836446,3.745117153,-1.366781564,3.746513853,-0.181171642,,-1.632,4,35.821,C_R2,0.862821339,4.090031603,-2.256781564,4.081386931,-1.071171642,,2.506,-2.296,33.347,C_R2,0.110934868,3.546157855,0.217218436,3.582851393,1.402828358
157,,,,,,,2.252475368,0.046065527,0.817547097,34.0326908,0.537262493,-0.468472366,0.565612121,0.717137557,,-0.844,-2.398,34.36,H_,1.416543813,2.830362345,-0.795781564,2.780719607,0.389828358,,1.911,-1.637,32.715,H_,1.210848877,2.658604059,0.849218436,2.69613552,2.034828358,,-1.074,3.847,34.931,H_,0.514199964,3.745117153,-1.366781564,3.746513853,-0.181171642
157,,,,,,,2.250589102,0.779815377,1.133882556,34.27616444,1.109922033,-0.711946003,1.18187721,0.473663919,,4.54,1.942,35.179,C_R2,1.443522115,4.768927905,-1.614781564,4.852837651,-0.429171642,,2.506,-2.296,33.347,C_R2,0.9407115,3.546157855,0.217218436,3.582851393,1.402828358,,-1.074,3.847,34.931,H_,0.757359039,3.745117153,-1.366781564,3.746513853,-0.181171642
157,,,,,,,2.247083088,0.835763147,1.261433884,33.99793099,1.24434766,-0.433712556,1.314873661,0.751897366,,4.54,1.942,35.179,C_R2,1.283036192,4.768927905,-1.614781564,4.852837651,-0.429171642,,1.911,-1.637,32.715,H_,1.032855796,2.658604059,0.849218436,2.69613552,2.034828358,,-1.074,3.847,34.931,H_,0.825700666,3.745117153,-1.366781564,3.746513853,-0.181171642
,,,,,,,,,,,,,,,,,,,,,,,,,,,,,,,,,,,,,,,,,,,,
158,2.219,0.074,0.566,34.793,0.470135258,,2.255300884,0.329267886,0.572190034,35.30466244,0.26650649,-1.588470721,0.29428854,-0.382319154,,-0.856,-2.566,35.375,H_,1.435796225,3.132773501,-1.658808284,3.159497301,-0.452656716,,2.815,-1.913,33.491,C_R2,1.129827531,3.562249688,0.225191716,3.636712082,1.431343284,,-0.473,4.28,36.424,C_R2,0.575968897,3.912516538,-2.707808284,3.858242028,-1.501656716
158,,,,,,,2.22843233,0.33950834,0.448040032,36.1265213,0.226181252,-2.410329587,0.281853686,-1.204178019,,3.925,1.554,37.29,C_R2,1.233401393,3.976290262,-3.573808284,4.019340585,-2.367656716,,-0.473,4.28,36.424,C_R2,1.113440114,3.912516538,-2.707808284,3.858242028,-1.501656716,,-0.856,-2.566,35.375,H_,0.794751147,3.132773501,-1.658808284,3.159497301,-0.452656716
158,,,,,,,2.218703302,0.073508765,0.566185687,34.79257586,0.159887775,-1.076384139,0.108866648,0.129767428,,-0.856,-2.566,35.375,H_,1.485656828,3.132773501,-1.658808284,3.159497301,-0.452656716,,2.815,-1.913,33.491,C_R2,1.078114521,3.562249688,0.225191716,3.636712082,1.431343284,,-1.384,4.152,35.404,C_R2,0.577821305,4.029569698,-1.687808284,3.964999797,-0.481656716
158,,,,,,,2.067108797,1.068805661,1.340558815,34.23683447,1.330220846,-0.520642757,1.341696952,0.68550881,,4.302,2.03,36.043,C_R2,1.395295571,4.487595161,-2.326808284,4.525770572,-1.120656716,,2.815,-1.913,33.491,C_R2,0.964817578,3.562249688,0.225191716,3.636712082,1.431343284,,-0.946,3.773,34.47,H_,0.781479504,3.524755227,-0.753808284,3.463226911,0.452343284
158,,,,,,,2.059927807,0.743621486,1.218427809,33.69251437,1.021673788,0.023677345,1.023645753,1.229828912,,2.402,-1.289,32.719,H_,2.059716387,2.849321145,0.997191716,2.923805728,2.203343284,,2.815,-1.913,33.491,C_R2,0.943619389,3.562249688,0.225191716,3.636712082,1.431343284,,-0.946,3.773,34.47,H_,0.138256878,3.524755227,-0.753808284,3.463226911,0.452343284
,,,,,,,,,,,,,,,,,,,,,,,,,,,,,,,,,,,,,,,,,,,,
159,2.128,0.003,0.527,35.222,0.409103199,,2.128037302,0.002503466,0.527007687,35.22182304,0.182712209,-1.45920409,0.193871833,-0.240285722,,-1.122,-2.488,34.966,H_,1.399199174,3.203998076,-1.203381055,3.142570561,0.015537313,,1.673,-1.971,34.043,H_,1.302940778,2.847978297,-0.280381055,2.815248993,0.938537313,,-0.677,4.142,36.282,C_R2,0.439452702,3.791271558,-2.519381055,3.839754135,-1.300462687
159,,,,,,,2.084344448,0.902924161,0.808754537,35.4366733,0.821420674,-1.674054353,0.870407887,-0.455135984,,0.402,3.852,36.229,H_,2.133154168,3.414495013,-2.466381055,3.471788476,-1.247462687,,-0.677,4.142,36.282,C_R2,0.883078168,3.791271558,-2.519381055,3.839754135,-1.300462687,,2.421,-2.551,34.583,C_R2,0.125360318,3.75026963,-0.820381055,3.722110623,0.398537313
159,,,,,,,2.084550983,0.843228814,0.793187776,35.38914661,0.761094344,-1.626527661,0.810723315,-0.407609292,,1.673,-1.971,34.043,H_,2.144612112,2.847978297,-0.280381055,2.815248993,0.938537313,,2.421,-2.551,34.583,C_R2,0.875760959,3.75026963,-0.820381055,3.722110623,0.398537313,,-0.677,4.142,36.282,C_R2,0.121219583,3.791271558,-2.519381055,3.839754135,-1.300462687
159,,,,,,,2.076725621,0.912798688,0.918985203,35.12080572,0.884069721,-1.358186772,0.936600459,-0.139268404,,0.402,3.852,36.229,H_,2.034492647,3.414495013,-2.466381055,3.471788476,-1.247462687,,-0.677,4.142,36.282,C_R2,0.962047425,3.791271558,-2.519381055,3.839754135,-1.300462687,,1.673,-1.971,34.043,H_,0.145052581,2.847978297,-0.280381055,2.815248993,0.938537313
159,,,,,,,1.527511252,-2.478291605,1.274393554,35.13289303,2.771218011,-1.370274084,2.763389841,-0.151355716,,-5.665,1.619,35.511,C_R2,1.442399006,5.947987284,-1.748381055,5.933448819,-0.529462687,,-3.303,-1.22,35.092,H_,1.018180585,3.84826598,-1.329381055,3.800706525,-0.110462687,,-1.449,4.333,35.181,C_R2,0.681013062,4.209509018,-1.418381055,4.250944513,-0.199462687
,,,,,,,,,,,,,,,,,,,,,,,,,,,,,,,,,,,,,,,,,,,,
160,2.66,0.214,0.489,36.107,0.138619621,,2.6601952,0.213778837,0.489468359,36.10717677,0.221136877,-2.15003451,0.279395618,-0.850270058,,-1.224,-2.959,35.683,H_,1.289007326,3.551213266,-1.725857735,3.549381432,-0.426093284,,3.12,-1.861,35.697,H_,1.263152138,3.574820641,-1.739857735,3.491696278,-0.440093284,,-0.947,4.649,36.709,C_R2,0.58943319,4.538469512,-2.751857735,4.595173851,-1.452093284
,,,,,,,,,,,,,,,,,,,,,,,,,,,,,,,,,,,,,,,,,,,,
161,2.577,-0.598,-0.169,36,0.099792995,,3.386624264,-0.252580722,0.01847801,33.03236818,0.221341663,0.869700874,0.280923346,2.188747491,,-1.46,3.604,35.444,H_,1.268929304,3.813611307,-1.541930946,3.923852478,-0.222884328,,-4.443,-1.166,31.952,H_,1.042674377,4.575584305,1.950069054,4.610041448,3.269115672,,4.098,-0.99,32.602,H_,0.829988973,4.267157581,1.300069054,4.185565143,2.619115672
161,,,,,,,3.371364295,-0.285756812,0.397169342,32.46865205,0.414495742,1.433417002,0.526479046,2.752463619,,-4.641,1.269,31.954,H_,1.508884199,4.759126591,1.948069054,4.842423259,3.267115672,,-4.443,-1.166,31.952,H_,1.356003896,4.575584305,1.950069054,4.610041448,3.269115672,,4.032,1.431,32.999,H_,0.276704559,4.291276592,0.903069054,4.264966565,2.222115672
161,,,,,,,2.577365825,-0.598435812,-0.169390246,35.99954657,0.609348017,-2.097477516,0.63866442,-0.778430899,,-2.875,-3.035,35.641,H_,1.293047915,4.2040617,-1.738930946,4.177007417,-0.419884328,,2.479,-2.182,35.957,H_,1.085076583,3.373584215,-2.054930946,3.265522234,-0.735884328,,-2.076,3.834,36.292,C_R2,0.763468155,4.284541868,-2.389930946,4.39643267,-1.070884328
161,,,,,,,2.525667841,1.109960529,1.067824373,35.11448011,1.522402393,-1.212411054,1.542627734,0.106635564,,4.032,1.431,32.999,H_,1.316595413,4.291276592,0.903069054,4.264966565,2.222115672,,2.479,-2.182,35.957,H_,1.079113738,3.373584215,-2.054930946,3.265522234,-0.735884328,,-1.46,3.604,35.444,H_,0.745883503,3.813611307,-1.541930946,3.923852478,-0.222884328
161,,,,,,,2.188204755,1.407230013,0.811477043,36.79526893,1.624732587,-2.893199877,1.617786124,-1.574153259,,5.066,2.126,36.855,C_R2,1.313987984,5.502543424,-2.952930946,5.482526432,-1.633884328,,2.479,-2.182,35.957,H_,0.971953825,3.373584215,-2.054930946,3.265522234,-0.735884328,,-0.293,3.507,37.605,H_,0.855650845,3.45049527,-3.702930946,3.549450362,-2.383884328
161,,,,,,,2.088158444,-2.819297697,0.128578956,36.03217734,2.783586403,-2.130108281,2.848050498,-0.811061664,,-6.255,1.237,37.18,C_R2,1.414792187,6.327868743,-3.277930946,6.405628591,-1.958884328,,-2.076,3.834,36.292,C_R2,0.935787705,4.284541868,-2.389930946,4.39643267,-1.070884328,,-2.875,-3.035,35.641,H_,0.791012762,4.2040617,-1.738930946,4.177007417,-0.419884328
